timestamp,symbols_scanned,rows,alerts_sent,duplicates_blocked,errors,scan_interval_minutes,source
2026-06-14T23:26:43+00:00,14,14,1,0,0,5,jfbp_signal_watcher_v2_scanner_integrated
2026-06-14T23:28:17+00:00,14,14,0,1,0,5,jfbp_signal_watcher_v2_scanner_integrated
2026-06-14T23:33:22+00:00,14,14,0,1,0,5,jfbp_signal_watcher_v2_scanner_integrated
2026-06-14T23:38:53+00:00,14,14,0,1,0,5,jfbp_signal_watcher_v2_scanner_integrated
2026-06-14T23:43:35+00:00,14,14,1,0,0,5,jfbp_signal_watcher_v2_scanner_integrated
2026-06-14T23:45:33+00:00,14,14,1,0,0,5,jfbp_signal_watcher_v2_scanner_integrated
2026-06-14T23:50:38+00:00,14,14,0,1,0,5,jfbp_signal_watcher_v2_scanner_integrated
2026-06-14T23:55:43+00:00,14,14,0,1,0,5,jfbp_signal_watcher_v2_scanner_integrated
2026-06-15T00:00:48+00:00,14,14,0,1,0,5,jfbp_signal_watcher_v2_scanner_integrated
2026-06-15T00:05:59+00:00,14,14,0,1,0,5,jfbp_signal_watcher_v2_scanner_integrated
2026-06-15T00:11:13+00:00,14,14,0,1,0,5,jfbp_signal_watcher_v2_scanner_integrated
2026-06-15T02:20:51+00:00,14,14,0,1,0,5,jfbp_signal_watcher_v2_scanner_integrated
2026-06-15T02:25:56+00:00,14,14,0,1,0,5,jfbp_signal_watcher_v2_scanner_integrated
2026-06-15T02:30:58+00:00,14,14,0,1,0,5,jfbp_signal_watcher_v2_scanner_integrated
2026-06-15T02:36:00+00:00,14,14,0,1,0,5,jfbp_signal_watcher_v2_scanner_integrated
2026-06-15T02:41:02+00:00,14,14,0,1,0,5,jfbp_signal_watcher_v2_scanner_integrated
2026-06-15T02:46:04+00:00,14,14,0,1,0,5,jfbp_signal_watcher_v2_scanner_integrated
2026-06-15T02:47:23+00:00,2026-06-15T024721_0000,14,14,0,1,0,0,1,10,3,5,jfbp_signal_watcher_v3_analytics
2026-06-15T02:50:38+00:00,2026-06-15T025035_0000,14,14,0,1,0,0,1,10,3,5,jfbp_signal_watcher_v3_analytics
2026-06-15T02:55:40+00:00,2026-06-15T025538_0000,14,14,0,1,0,0,1,10,3,5,jfbp_signal_watcher_v3_analytics
2026-06-15T03:00:42+00:00,2026-06-15T030040_0000,14,14,0,1,0,0,1,10,3,5,jfbp_signal_watcher_v3_analytics
2026-06-15T03:05:45+00:00,2026-06-15T030542_0000,14,14,0,1,0,0,1,10,3,5,jfbp_signal_watcher_v3_analytics
2026-06-15T03:10:47+00:00,2026-06-15T031045_0000,14,14,0,1,0,0,1,10,3,5,jfbp_signal_watcher_v3_analytics
2026-06-15T03:15:50+00:00,2026-06-15T031547_0000,14,14,0,1,0,0,1,10,3,5,jfbp_signal_watcher_v3_analytics
2026-06-15T03:20:53+00:00,2026-06-15T032050_0000,14,14,0,1,0,0,1,10,3,5,jfbp_signal_watcher_v3_analytics
2026-06-15T03:25:56+00:00,2026-06-15T032553_0000,14,14,0,1,0,0,1,10,3,5,jfbp_signal_watcher_v3_analytics
2026-06-15T03:30:58+00:00,2026-06-15T033056_0000,14,14,0,1,0,0,1,10,3,5,jfbp_signal_watcher_v3_analytics
2026-06-15T08:10:14+00:00,2026-06-15T081010_0000,14,14,0,1,0,0,1,10,3,5,jfbp_signal_watcher_v3_analytics
2026-06-15T13:05:58+00:00,2026-06-15T130556_0000,14,14,0,1,0,0,1,10,3,5,jfbp_signal_watcher_v3_analytics
2026-06-15T13:11:03+00:00,2026-06-15T131058_0000,14,14,0,1,0,0,1,10,3,5,jfbp_signal_watcher_v3_analytics
2026-06-15T13:16:05+00:00,2026-06-15T131603_0000,14,14,0,1,0,0,1,10,3,5,jfbp_signal_watcher_v3_analytics
2026-06-15T13:21:06+00:00,2026-06-15T132105_0000,14,14,0,1,0,0,1,10,3,5,jfbp_signal_watcher_v3_analytics
2026-06-15T13:26:10+00:00,2026-06-15T132606_0000,14,14,0,1,0,0,1,10,3,5,jfbp_signal_watcher_v3_analytics
2026-06-15T13:31:12+00:00,2026-06-15T133110_0000,14,14,0,0,0,0,0,14,0,5,jfbp_signal_watcher_v3_analytics
2026-06-15T13:36:14+00:00,2026-06-15T133612_0000,14,14,1,0,0,0,1,13,0,5,jfbp_signal_watcher_v3_analytics
2026-06-15T13:41:19+00:00,2026-06-15T134114_0000,14,14,0,1,0,0,1,13,0,5,jfbp_signal_watcher_v3_analytics
2026-06-15T13:46:25+00:00,2026-06-15T134619_0000,14,14,0,1,0,0,1,13,0,5,jfbp_signal_watcher_v3_analytics
2026-06-15T13:51:28+00:00,2026-06-15T135125_0000,14,14,0,1,0,0,1,13,0,5,jfbp_signal_watcher_v3_analytics
2026-06-15T13:56:34+00:00,2026-06-15T135628_0000,14,14,0,1,0,0,1,13,0,5,jfbp_signal_watcher_v3_analytics
2026-06-15T14:01:36+00:00,2026-06-15T140134_0000,14,14,0,1,0,0,1,13,0,5,jfbp_signal_watcher_v3_analytics
2026-06-15T14:06:38+00:00,2026-06-15T140636_0000,14,14,0,1,0,0,1,13,0,5,jfbp_signal_watcher_v3_analytics
2026-06-15T14:11:40+00:00,2026-06-15T141138_0000,14,14,0,1,0,0,1,13,0,5,jfbp_signal_watcher_v3_analytics
2026-06-15T14:16:43+00:00,2026-06-15T141640_0000,14,14,0,1,0,0,1,13,0,5,jfbp_signal_watcher_v3_analytics
2026-06-15T14:21:45+00:00,2026-06-15T142143_0000,14,14,0,1,0,0,1,13,0,5,jfbp_signal_watcher_v3_analytics
2026-06-15T14:26:47+00:00,2026-06-15T142645_0000,14,14,0,1,0,0,1,13,0,5,jfbp_signal_watcher_v3_analytics
2026-06-15T14:31:50+00:00,2026-06-15T143147_0000,14,14,0,1,0,0,1,13,0,5,jfbp_signal_watcher_v3_analytics
2026-06-15T14:36:52+00:00,2026-06-15T143650_0000,14,14,0,1,0,0,1,13,0,5,jfbp_signal_watcher_v3_analytics
2026-06-15T14:41:54+00:00,2026-06-15T144152_0000,14,14,0,0,0,0,0,14,0,5,jfbp_signal_watcher_v3_analytics
2026-06-15T14:46:56+00:00,2026-06-15T144654_0000,14,14,0,0,0,0,0,14,0,5,jfbp_signal_watcher_v3_analytics
2026-06-15T14:51:58+00:00,2026-06-15T145156_0000,14,14,0,1,0,0,1,13,0,5,jfbp_signal_watcher_v3_analytics
2026-06-15T14:57:01+00:00,2026-06-15T145658_0000,14,14,0,1,0,0,1,13,0,5,jfbp_signal_watcher_v3_analytics
2026-06-15T15:02:03+00:00,2026-06-15T150201_0000,14,14,0,1,0,0,1,13,0,5,jfbp_signal_watcher_v3_analytics
2026-06-15T15:07:06+00:00,2026-06-15T150703_0000,14,14,0,1,0,0,1,13,0,5,jfbp_signal_watcher_v3_analytics
2026-06-15T15:12:08+00:00,2026-06-15T151206_0000,14,14,0,1,0,0,1,13,0,5,jfbp_signal_watcher_v3_analytics
2026-06-15T15:17:10+00:00,2026-06-15T151708_0000,14,14,0,1,0,0,1,13,0,5,jfbp_signal_watcher_v3_analytics
2026-06-15T15:22:12+00:00,2026-06-15T152210_0000,14,14,0,1,0,0,1,13,0,5,jfbp_signal_watcher_v3_analytics
2026-06-15T15:27:14+00:00,2026-06-15T152712_0000,14,14,0,1,0,0,1,13,0,5,jfbp_signal_watcher_v3_analytics
2026-06-15T15:32:16+00:00,2026-06-15T153214_0000,14,14,0,1,0,0,1,13,0,5,jfbp_signal_watcher_v3_analytics
2026-06-15T15:37:18+00:00,2026-06-15T153716_0000,14,14,0,1,0,0,1,13,0,5,jfbp_signal_watcher_v3_analytics
2026-06-15T15:42:21+00:00,2026-06-15T154218_0000,14,14,0,1,0,0,1,13,0,5,jfbp_signal_watcher_v3_analytics
2026-06-15T15:47:24+00:00,2026-06-15T154721_0000,14,14,0,1,0,0,1,13,0,5,jfbp_signal_watcher_v3_analytics
2026-06-15T15:52:28+00:00,2026-06-15T155224_0000,14,14,0,0,0,0,0,14,0,5,jfbp_signal_watcher_v3_analytics
2026-06-15T15:57:31+00:00,2026-06-15T155728_0000,14,14,0,1,0,0,1,13,0,5,jfbp_signal_watcher_v3_analytics
2026-06-15T16:02:34+00:00,2026-06-15T160231_0000,14,14,0,0,0,0,0,14,0,5,jfbp_signal_watcher_v3_analytics
2026-06-15T16:07:38+00:00,2026-06-15T160734_0000,14,14,0,0,0,0,0,14,0,5,jfbp_signal_watcher_v3_analytics
2026-06-15T16:12:43+00:00,2026-06-15T161238_0000,14,14,0,1,0,0,1,13,0,5,jfbp_signal_watcher_v3_analytics
2026-06-15T16:17:47+00:00,2026-06-15T161743_0000,14,14,0,1,0,0,1,13,0,5,jfbp_signal_watcher_v3_analytics
2026-06-15T16:22:50+00:00,2026-06-15T162247_0000,14,14,0,1,0,0,1,13,0,5,jfbp_signal_watcher_v3_analytics
2026-06-15T16:27:52+00:00,2026-06-15T162750_0000,14,14,0,1,0,0,1,13,0,5,jfbp_signal_watcher_v3_analytics
2026-06-15T16:32:54+00:00,2026-06-15T163252_0000,14,14,0,1,0,0,1,13,0,5,jfbp_signal_watcher_v3_analytics
2026-06-15T16:37:57+00:00,2026-06-15T163754_0000,14,14,0,1,0,0,1,13,0,5,jfbp_signal_watcher_v3_analytics
2026-06-15T16:42:59+00:00,2026-06-15T164257_0000,14,14,0,1,0,0,1,13,0,5,jfbp_signal_watcher_v3_analytics
2026-06-15T16:48:01+00:00,2026-06-15T164759_0000,14,14,0,1,0,0,1,13,0,5,jfbp_signal_watcher_v3_analytics
2026-06-15T16:53:04+00:00,2026-06-15T165301_0000,14,14,0,1,0,0,1,13,0,5,jfbp_signal_watcher_v3_analytics
2026-06-15T16:58:06+00:00,2026-06-15T165804_0000,14,14,0,1,0,0,1,13,0,5,jfbp_signal_watcher_v3_analytics
2026-06-15T17:03:08+00:00,2026-06-15T170306_0000,14,14,0,1,0,0,1,13,0,5,jfbp_signal_watcher_v3_analytics
2026-06-15T17:08:11+00:00,2026-06-15T170808_0000,14,14,0,1,0,0,1,13,0,5,jfbp_signal_watcher_v3_analytics
2026-06-15T17:13:14+00:00,2026-06-15T171311_0000,14,14,0,1,0,0,1,13,0,5,jfbp_signal_watcher_v3_analytics
2026-06-15T17:18:19+00:00,2026-06-15T171814_0000,14,14,0,1,0,0,1,13,0,5,jfbp_signal_watcher_v3_analytics
2026-06-15T17:23:22+00:00,2026-06-15T172319_0000,14,14,0,1,0,0,1,13,0,5,jfbp_signal_watcher_v3_analytics
2026-06-15T17:28:25+00:00,2026-06-15T172822_0000,14,14,0,1,0,0,1,13,0,5,jfbp_signal_watcher_v3_analytics
2026-06-15T17:33:30+00:00,2026-06-15T173325_0000,14,14,0,1,0,0,1,13,0,5,jfbp_signal_watcher_v3_analytics
2026-06-15T17:38:33+00:00,2026-06-15T173830_0000,14,14,0,1,0,0,1,13,0,5,jfbp_signal_watcher_v3_analytics
2026-06-15T17:43:36+00:00,2026-06-15T174333_0000,14,14,0,1,0,0,1,13,0,5,jfbp_signal_watcher_v3_analytics
2026-06-15T17:48:39+00:00,2026-06-15T174836_0000,14,14,0,1,0,0,1,13,0,5,jfbp_signal_watcher_v3_analytics
2026-06-15T17:53:42+00:00,2026-06-15T175339_0000,14,14,0,1,0,0,1,13,0,5,jfbp_signal_watcher_v3_analytics
2026-06-15T17:58:45+00:00,2026-06-15T175842_0000,14,14,0,1,0,0,1,13,0,5,jfbp_signal_watcher_v3_analytics
2026-06-15T18:03:51+00:00,2026-06-15T180345_0000,14,14,0,1,0,0,1,13,0,5,jfbp_signal_watcher_v3_analytics
2026-06-15T18:08:56+00:00,2026-06-15T180851_0000,14,14,0,1,0,0,1,13,0,5,jfbp_signal_watcher_v3_analytics
2026-06-15T18:14:00+00:00,2026-06-15T181356_0000,14,14,0,1,0,0,1,13,0,5,jfbp_signal_watcher_v3_analytics
2026-06-15T18:19:03+00:00,2026-06-15T181900_0000,14,14,0,1,0,0,1,13,0,5,jfbp_signal_watcher_v3_analytics
2026-06-15T18:24:10+00:00,2026-06-15T182403_0000,14,14,0,1,0,0,1,13,0,5,jfbp_signal_watcher_v3_analytics
2026-06-15T18:29:16+00:00,2026-06-15T182910_0000,14,14,0,0,0,0,0,14,0,5,jfbp_signal_watcher_v3_analytics
2026-06-15T18:34:21+00:00,2026-06-15T183416_0000,14,14,0,0,0,0,0,14,0,5,jfbp_signal_watcher_v3_analytics
2026-06-15T18:39:23+00:00,2026-06-15T183921_0000,14,14,0,1,0,0,1,13,0,5,jfbp_signal_watcher_v3_analytics
2026-06-15T18:44:29+00:00,2026-06-15T184423_0000,14,14,0,1,0,0,1,13,0,5,jfbp_signal_watcher_v3_analytics
2026-06-15T18:49:32+00:00,2026-06-15T184929_0000,14,14,0,1,0,0,1,13,0,5,jfbp_signal_watcher_v3_analytics
2026-06-15T18:54:34+00:00,2026-06-15T185432_0000,14,14,0,1,0,0,1,13,0,5,jfbp_signal_watcher_v3_analytics
2026-06-15T19:00:16+00:00,2026-06-15T185934_0000,14,14,0,0,0,0,0,14,0,5,jfbp_signal_watcher_v3_analytics
2026-06-15T19:05:21+00:00,2026-06-15T190518_0000,14,14,0,0,0,0,0,14,0,5,jfbp_signal_watcher_v3_analytics
2026-06-15T19:10:24+00:00,2026-06-15T191021_0000,14,14,0,0,0,0,0,14,0,5,jfbp_signal_watcher_v3_analytics
2026-06-15T19:15:26+00:00,2026-06-15T191524_0000,14,14,0,0,0,0,0,14,0,5,jfbp_signal_watcher_v3_analytics
2026-06-15T19:20:28+00:00,2026-06-15T192026_0000,14,14,0,0,0,0,0,14,0,5,jfbp_signal_watcher_v3_analytics
2026-06-15T19:25:35+00:00,2026-06-15T192528_0000,14,14,0,0,0,0,0,14,0,5,jfbp_signal_watcher_v3_analytics
2026-06-15T19:30:37+00:00,2026-06-15T193035_0000,14,14,0,0,0,0,0,14,0,5,jfbp_signal_watcher_v3_analytics
2026-06-15T19:35:39+00:00,2026-06-15T193537_0000,14,14,0,1,0,0,1,13,0,5,jfbp_signal_watcher_v3_analytics
2026-06-15T19:40:46+00:00,2026-06-15T194039_0000,14,14,0,1,0,0,1,13,0,5,jfbp_signal_watcher_v3_analytics
2026-06-15T19:45:55+00:00,2026-06-15T194546_0000,14,14,0,0,0,0,0,14,0,5,jfbp_signal_watcher_v3_analytics
2026-06-15T19:51:02+00:00,2026-06-15T195055_0000,14,14,0,0,0,0,0,14,0,5,jfbp_signal_watcher_v3_analytics
2026-06-15T19:56:06+00:00,2026-06-15T195602_0000,14,14,0,1,0,0,1,13,0,5,jfbp_signal_watcher_v3_analytics
2026-06-15T20:01:12+00:00,2026-06-15T200106_0000,14,14,0,1,0,0,1,13,0,5,jfbp_signal_watcher_v3_analytics
2026-06-15T20:06:18+00:00,2026-06-15T200612_0000,14,14,0,1,0,0,1,13,0,5,jfbp_signal_watcher_v3_analytics
2026-06-15T20:11:21+00:00,2026-06-15T201118_0000,14,14,0,1,0,0,1,13,0,5,jfbp_signal_watcher_v3_analytics
2026-06-15T20:16:23+00:00,2026-06-15T201621_0000,14,14,0,1,0,0,1,13,0,5,jfbp_signal_watcher_v3_analytics
2026-06-15T20:21:30+00:00,2026-06-15T202123_0000,14,14,0,1,0,0,1,13,0,5,jfbp_signal_watcher_v3_analytics
2026-06-15T20:26:34+00:00,2026-06-15T202630_0000,14,14,0,1,0,0,1,13,0,5,jfbp_signal_watcher_v3_analytics
2026-06-15T20:31:36+00:00,2026-06-15T203134_0000,14,14,0,1,0,0,1,13,0,5,jfbp_signal_watcher_v3_analytics
2026-06-15T20:36:39+00:00,2026-06-15T203636_0000,14,14,0,1,0,0,1,13,0,5,jfbp_signal_watcher_v3_analytics
2026-06-15T20:41:41+00:00,2026-06-15T204139_0000,14,14,0,1,0,0,1,13,0,5,jfbp_signal_watcher_v3_analytics
2026-06-15T20:46:44+00:00,2026-06-15T204641_0000,14,14,0,1,0,0,1,13,0,5,jfbp_signal_watcher_v3_analytics
2026-06-15T20:51:49+00:00,2026-06-15T205144_0000,14,14,0,1,0,0,1,13,0,5,jfbp_signal_watcher_v3_analytics
2026-06-15T20:56:55+00:00,2026-06-15T205649_0000,14,14,0,1,0,0,1,13,0,5,jfbp_signal_watcher_v3_analytics
2026-06-15T21:02:00+00:00,2026-06-15T210155_0000,14,14,0,1,0,0,1,13,0,5,jfbp_signal_watcher_v3_analytics
2026-06-15T21:07:04+00:00,2026-06-15T210700_0000,14,14,0,1,0,0,1,13,0,5,jfbp_signal_watcher_v3_analytics
2026-06-15T21:12:06+00:00,2026-06-15T211204_0000,14,14,0,1,0,0,1,13,0,5,jfbp_signal_watcher_v3_analytics
2026-06-15T21:17:08+00:00,2026-06-15T211706_0000,14,14,0,1,0,0,1,13,0,5,jfbp_signal_watcher_v3_analytics
2026-06-15T21:22:11+00:00,2026-06-15T212208_0000,14,14,0,1,0,0,1,13,0,5,jfbp_signal_watcher_v3_analytics
2026-06-15T21:27:14+00:00,2026-06-15T212711_0000,14,14,0,1,0,0,1,13,0,5,jfbp_signal_watcher_v3_analytics
2026-06-15T21:32:18+00:00,2026-06-15T213214_0000,14,14,0,1,0,0,1,13,0,5,jfbp_signal_watcher_v3_analytics
2026-06-15T21:37:20+00:00,2026-06-15T213718_0000,14,14,0,1,0,0,1,13,0,5,jfbp_signal_watcher_v3_analytics
2026-06-15T21:42:23+00:00,2026-06-15T214220_0000,14,14,0,1,0,0,1,13,0,5,jfbp_signal_watcher_v3_analytics
2026-06-15T21:47:25+00:00,2026-06-15T214723_0000,14,14,0,1,0,0,1,13,0,5,jfbp_signal_watcher_v3_analytics
2026-06-15T21:52:28+00:00,2026-06-15T215225_0000,14,14,0,1,0,0,1,13,0,5,jfbp_signal_watcher_v3_analytics
2026-06-15T21:57:30+00:00,2026-06-15T215728_0000,14,14,0,1,0,0,1,13,0,5,jfbp_signal_watcher_v3_analytics
2026-06-15T22:02:33+00:00,2026-06-15T220230_0000,14,14,0,1,0,0,1,13,0,5,jfbp_signal_watcher_v3_analytics
2026-06-15T22:07:39+00:00,2026-06-15T220733_0000,14,14,0,1,0,0,1,13,0,5,jfbp_signal_watcher_v3_analytics
2026-06-15T22:12:41+00:00,2026-06-15T221239_0000,14,14,0,1,0,0,1,13,0,5,jfbp_signal_watcher_v3_analytics
2026-06-15T22:17:43+00:00,2026-06-15T221741_0000,14,14,0,1,0,0,1,13,0,5,jfbp_signal_watcher_v3_analytics
2026-06-15T22:22:45+00:00,2026-06-15T222243_0000,14,14,0,1,0,0,1,13,0,5,jfbp_signal_watcher_v3_analytics
2026-06-15T22:27:48+00:00,2026-06-15T222745_0000,14,14,0,1,0,0,1,13,0,5,jfbp_signal_watcher_v3_analytics
2026-06-15T22:32:50+00:00,2026-06-15T223248_0000,14,14,0,1,0,0,1,13,0,5,jfbp_signal_watcher_v3_analytics
2026-06-15T22:37:52+00:00,2026-06-15T223750_0000,14,14,0,1,0,0,1,13,0,5,jfbp_signal_watcher_v3_analytics
2026-06-15T22:42:54+00:00,2026-06-15T224252_0000,14,14,0,1,0,0,1,13,0,5,jfbp_signal_watcher_v3_analytics
2026-06-15T22:47:56+00:00,2026-06-15T224754_0000,14,14,0,1,0,0,1,13,0,5,jfbp_signal_watcher_v3_analytics
2026-06-15T22:52:58+00:00,2026-06-15T225256_0000,14,14,0,1,0,0,1,13,0,5,jfbp_signal_watcher_v3_analytics
2026-06-15T22:58:00+00:00,2026-06-15T225758_0000,14,14,0,1,0,0,1,13,0,5,jfbp_signal_watcher_v3_analytics
2026-06-15T23:03:01+00:00,2026-06-15T230300_0000,14,14,0,1,0,0,1,13,0,5,jfbp_signal_watcher_v3_analytics
2026-06-15T23:08:06+00:00,2026-06-15T230801_0000,14,14,0,1,0,0,1,13,0,5,jfbp_signal_watcher_v3_analytics
2026-06-15T23:13:08+00:00,2026-06-15T231306_0000,14,14,0,1,0,0,1,13,0,5,jfbp_signal_watcher_v3_analytics
2026-06-15T23:18:10+00:00,2026-06-15T231808_0000,14,14,0,1,0,0,1,13,0,5,jfbp_signal_watcher_v3_analytics
2026-06-15T23:23:12+00:00,2026-06-15T232310_0000,14,14,0,1,0,0,1,13,0,5,jfbp_signal_watcher_v3_analytics
2026-06-15T23:28:15+00:00,2026-06-15T232812_0000,14,14,0,1,0,0,1,13,0,5,jfbp_signal_watcher_v3_analytics
2026-06-15T23:33:45+00:00,2026-06-15T233315_0000,14,14,0,1,0,0,1,13,0,5,jfbp_signal_watcher_v3_analytics
2026-06-15T23:38:48+00:00,2026-06-15T233845_0000,14,14,0,1,0,0,1,13,0,5,jfbp_signal_watcher_v3_analytics
2026-06-15T23:43:53+00:00,2026-06-15T234348_0000,14,14,0,1,0,0,1,13,0,5,jfbp_signal_watcher_v3_analytics
2026-06-15T23:48:55+00:00,2026-06-15T234853_0000,14,14,0,1,0,0,1,13,0,5,jfbp_signal_watcher_v3_analytics
2026-06-15T23:54:01+00:00,2026-06-15T235355_0000,14,14,0,1,0,0,1,13,0,5,jfbp_signal_watcher_v3_analytics
2026-06-15T23:59:03+00:00,2026-06-15T235901_0000,14,14,0,1,0,0,1,13,0,5,jfbp_signal_watcher_v3_analytics
2026-06-16T00:04:09+00:00,2026-06-16T000403_0000,14,14,0,1,0,0,1,13,0,5,jfbp_signal_watcher_v3_analytics
2026-06-16T00:09:13+00:00,2026-06-16T000909_0000,14,14,0,1,0,0,1,13,0,5,jfbp_signal_watcher_v3_analytics
2026-06-16T00:14:14+00:00,2026-06-16T001413_0000,14,14,0,1,0,0,1,13,0,5,jfbp_signal_watcher_v3_analytics
2026-06-16T00:19:16+00:00,2026-06-16T001914_0000,14,14,0,1,0,0,1,13,0,5,jfbp_signal_watcher_v3_analytics
2026-06-16T00:24:18+00:00,2026-06-16T002416_0000,14,14,0,1,0,0,1,13,0,5,jfbp_signal_watcher_v3_analytics
2026-06-16T00:29:21+00:00,2026-06-16T002918_0000,14,14,0,1,0,0,1,13,0,5,jfbp_signal_watcher_v3_analytics
2026-06-16T00:34:27+00:00,2026-06-16T003421_0000,14,14,0,1,0,0,1,13,0,5,jfbp_signal_watcher_v3_analytics
2026-06-16T00:39:31+00:00,2026-06-16T003927_0000,14,14,0,1,0,0,1,13,0,5,jfbp_signal_watcher_v3_analytics
2026-06-16T00:44:32+00:00,2026-06-16T004431_0000,14,14,0,1,0,0,1,13,0,5,jfbp_signal_watcher_v3_analytics
2026-06-16T00:49:39+00:00,2026-06-16T004932_0000,14,14,0,1,0,0,1,13,0,5,jfbp_signal_watcher_v3_analytics
2026-06-16T00:54:42+00:00,2026-06-16T005439_0000,14,14,0,1,0,0,1,13,0,5,jfbp_signal_watcher_v3_analytics
2026-06-16T00:59:45+00:00,2026-06-16T005942_0000,14,14,0,1,0,0,1,13,0,5,jfbp_signal_watcher_v3_analytics
2026-06-16T01:04:49+00:00,2026-06-16T010445_0000,14,14,0,1,0,0,1,13,0,5,jfbp_signal_watcher_v3_analytics
2026-06-16T01:09:51+00:00,2026-06-16T010949_0000,14,14,0,1,0,0,1,13,0,5,jfbp_signal_watcher_v3_analytics
2026-06-16T01:14:53+00:00,2026-06-16T011451_0000,14,14,0,1,0,0,1,13,0,5,jfbp_signal_watcher_v3_analytics
2026-06-16T01:19:56+00:00,2026-06-16T011953_0000,14,14,0,1,0,0,1,13,0,5,jfbp_signal_watcher_v3_analytics
2026-06-16T01:24:58+00:00,2026-06-16T012456_0000,14,14,0,1,0,0,1,13,0,5,jfbp_signal_watcher_v3_analytics
2026-06-16T01:30:00+00:00,2026-06-16T012958_0000,14,14,0,1,0,0,1,13,0,5,jfbp_signal_watcher_v3_analytics
2026-06-16T01:35:06+00:00,2026-06-16T013500_0000,14,14,0,1,0,0,1,13,0,5,jfbp_signal_watcher_v3_analytics
2026-06-16T01:40:08+00:00,2026-06-16T014006_0000,14,14,0,1,0,0,1,13,0,5,jfbp_signal_watcher_v3_analytics
2026-06-16T01:45:11+00:00,2026-06-16T014508_0000,14,14,0,1,0,0,1,13,0,5,jfbp_signal_watcher_v3_analytics
2026-06-16T01:50:13+00:00,2026-06-16T015011_0000,14,14,0,1,0,0,1,13,0,5,jfbp_signal_watcher_v3_analytics
2026-06-16T01:55:15+00:00,2026-06-16T015513_0000,14,14,0,1,0,0,1,13,0,5,jfbp_signal_watcher_v3_analytics
2026-06-16T02:00:18+00:00,2026-06-16T020015_0000,14,14,0,1,0,0,1,13,0,5,jfbp_signal_watcher_v3_analytics
2026-06-16T02:05:22+00:00,2026-06-16T020518_0000,14,14,0,1,0,0,1,13,0,5,jfbp_signal_watcher_v3_analytics
2026-06-16T02:10:24+00:00,2026-06-16T021022_0000,14,14,0,1,0,0,1,13,0,5,jfbp_signal_watcher_v3_analytics
2026-06-16T02:15:26+00:00,2026-06-16T021524_0000,14,14,0,1,0,0,1,13,0,5,jfbp_signal_watcher_v3_analytics
2026-06-16T02:20:28+00:00,2026-06-16T022026_0000,14,14,0,1,0,0,1,13,0,5,jfbp_signal_watcher_v3_analytics
2026-06-16T02:25:29+00:00,2026-06-16T022528_0000,14,14,0,1,0,0,1,13,0,5,jfbp_signal_watcher_v3_analytics
2026-06-16T02:30:31+00:00,2026-06-16T023029_0000,14,14,0,1,0,0,1,13,0,5,jfbp_signal_watcher_v3_analytics
2026-06-16T02:35:33+00:00,2026-06-16T023531_0000,14,14,0,1,0,0,1,13,0,5,jfbp_signal_watcher_v3_analytics
2026-06-16T02:40:36+00:00,2026-06-16T024033_0000,14,14,0,1,0,0,1,13,0,5,jfbp_signal_watcher_v3_analytics
2026-06-16T02:45:38+00:00,2026-06-16T024536_0000,14,14,0,1,0,0,1,13,0,5,jfbp_signal_watcher_v3_analytics
2026-06-16T02:50:40+00:00,2026-06-16T025038_0000,14,14,0,1,0,0,1,13,0,5,jfbp_signal_watcher_v3_analytics
2026-06-16T02:55:42+00:00,2026-06-16T025540_0000,14,14,0,1,0,0,1,13,0,5,jfbp_signal_watcher_v3_analytics
2026-06-16T03:00:44+00:00,2026-06-16T030042_0000,14,14,0,1,0,0,1,13,0,5,jfbp_signal_watcher_v3_analytics
2026-06-16T03:05:48+00:00,2026-06-16T030544_0000,14,14,0,1,0,0,1,13,0,5,jfbp_signal_watcher_v3_analytics
2026-06-16T03:10:51+00:00,2026-06-16T031048_0000,14,14,0,1,0,0,1,13,0,5,jfbp_signal_watcher_v3_analytics
2026-06-16T03:15:56+00:00,2026-06-16T031551_0000,14,14,0,1,0,0,1,13,0,5,jfbp_signal_watcher_v3_analytics
2026-06-16T03:21:00+00:00,2026-06-16T032056_0000,14,14,0,1,0,0,1,13,0,5,jfbp_signal_watcher_v3_analytics
2026-06-16T03:26:02+00:00,2026-06-16T032600_0000,14,14,0,1,0,0,1,13,0,5,jfbp_signal_watcher_v3_analytics
2026-06-16T03:31:04+00:00,2026-06-16T033102_0000,14,14,0,1,0,0,1,13,0,5,jfbp_signal_watcher_v3_analytics
2026-06-16T03:36:06+00:00,2026-06-16T033604_0000,14,14,0,1,0,0,1,13,0,5,jfbp_signal_watcher_v3_analytics
2026-06-16T03:41:08+00:00,2026-06-16T034106_0000,14,14,0,1,0,0,1,13,0,5,jfbp_signal_watcher_v3_analytics
2026-06-16T03:46:10+00:00,2026-06-16T034608_0000,14,14,0,1,0,0,1,13,0,5,jfbp_signal_watcher_v3_analytics
2026-06-16T03:51:12+00:00,2026-06-16T035110_0000,14,14,0,1,0,0,1,13,0,5,jfbp_signal_watcher_v3_analytics
2026-06-16T03:56:22+00:00,2026-06-16T035620_0000,14,14,0,1,0,0,1,13,0,5,jfbp_signal_watcher_v3_analytics
2026-06-16T12:58:14+00:00,2026-06-16T125812_0000,14,14,1,0,0,0,1,11,2,5,jfbp_signal_watcher_v3_analytics
2026-06-16T13:03:16+00:00,2026-06-16T130314_0000,14,14,0,1,0,0,1,11,2,5,jfbp_signal_watcher_v3_analytics
2026-06-16T13:08:18+00:00,2026-06-16T130816_0000,14,14,0,1,0,0,1,11,2,5,jfbp_signal_watcher_v3_analytics
2026-06-16T13:13:19+00:00,2026-06-16T131318_0000,14,14,0,1,0,0,1,11,2,5,jfbp_signal_watcher_v3_analytics
2026-06-16T13:18:24+00:00,2026-06-16T131819_0000,14,14,0,1,0,0,1,11,2,5,jfbp_signal_watcher_v3_analytics
2026-06-16T13:23:26+00:00,2026-06-16T132324_0000,14,14,0,1,0,0,1,11,2,5,jfbp_signal_watcher_v3_analytics
2026-06-16T13:28:28+00:00,2026-06-16T132826_0000,14,14,0,1,0,0,1,11,2,5,jfbp_signal_watcher_v3_analytics
2026-06-16T13:33:30+00:00,2026-06-16T133328_0000,14,14,2,1,0,0,3,11,0,5,jfbp_signal_watcher_v3_analytics
2026-06-16T13:38:34+00:00,2026-06-16T133830_0000,14,14,0,2,0,0,2,12,0,5,jfbp_signal_watcher_v3_analytics
2026-06-16T13:43:37+00:00,2026-06-16T134334_0000,14,14,0,2,0,0,2,12,0,5,jfbp_signal_watcher_v3_analytics
2026-06-16T13:48:39+00:00,2026-06-16T134837_0000,14,14,0,2,0,0,2,12,0,5,jfbp_signal_watcher_v3_analytics
2026-06-16T13:53:41+00:00,2026-06-16T135339_0000,14,14,0,2,0,0,2,12,0,5,jfbp_signal_watcher_v3_analytics
2026-06-16T13:58:43+00:00,2026-06-16T135841_0000,14,14,0,2,0,0,2,12,0,5,jfbp_signal_watcher_v3_analytics
2026-06-16T14:03:47+00:00,2026-06-16T140343_0000,14,14,0,3,0,0,3,11,0,5,jfbp_signal_watcher_v3_analytics
2026-06-16T14:08:49+00:00,2026-06-16T140847_0000,14,14,0,2,0,0,2,12,0,5,jfbp_signal_watcher_v3_analytics
2026-06-16T14:13:54+00:00,2026-06-16T141349_0000,14,14,0,1,0,0,1,13,0,5,jfbp_signal_watcher_v3_analytics
2026-06-16T14:18:57+00:00,2026-06-16T141854_0000,14,14,0,1,0,0,1,13,0,5,jfbp_signal_watcher_v3_analytics
2026-06-16T14:24:01+00:00,2026-06-16T142357_0000,14,14,0,1,0,0,1,12,1,5,jfbp_signal_watcher_v3_analytics
2026-06-16T14:29:04+00:00,2026-06-16T142901_0000,14,14,0,1,0,0,1,13,0,5,jfbp_signal_watcher_v3_analytics
2026-06-16T14:34:07+00:00,2026-06-16T143404_0000,14,14,0,1,0,0,1,12,1,5,jfbp_signal_watcher_v3_analytics
2026-06-16T14:39:12+00:00,2026-06-16T143907_0000,14,14,0,1,0,0,1,13,0,5,jfbp_signal_watcher_v3_analytics
2026-06-16T14:44:15+00:00,2026-06-16T144412_0000,14,14,0,1,0,0,1,13,0,5,jfbp_signal_watcher_v3_analytics
2026-06-16T14:49:17+00:00,2026-06-16T144915_0000,14,14,0,1,0,0,1,13,0,5,jfbp_signal_watcher_v3_analytics
2026-06-16T14:54:20+00:00,2026-06-16T145417_0000,14,14,0,1,0,0,1,13,0,5,jfbp_signal_watcher_v3_analytics
2026-06-16T14:59:22+00:00,2026-06-16T145920_0000,14,14,0,1,0,0,1,12,1,5,jfbp_signal_watcher_v3_analytics
2026-06-16T15:04:24+00:00,2026-06-16T150422_0000,14,14,0,1,0,0,1,13,0,5,jfbp_signal_watcher_v3_analytics
2026-06-16T15:09:26+00:00,2026-06-16T150924_0000,14,14,0,1,0,0,1,13,0,5,jfbp_signal_watcher_v3_analytics
2026-06-16T15:14:28+00:00,2026-06-16T151426_0000,14,14,0,1,0,0,1,13,0,5,jfbp_signal_watcher_v3_analytics
2026-06-16T15:19:34+00:00,2026-06-16T151928_0000,14,14,0,1,0,0,1,13,0,5,jfbp_signal_watcher_v3_analytics
2026-06-16T15:24:36+00:00,2026-06-16T152434_0000,14,14,0,1,0,0,1,12,1,5,jfbp_signal_watcher_v3_analytics
2026-06-16T15:29:42+00:00,2026-06-16T152936_0000,14,14,0,1,0,0,1,12,1,5,jfbp_signal_watcher_v3_analytics
2026-06-16T15:34:45+00:00,2026-06-16T153442_0000,14,14,0,1,0,0,1,12,1,5,jfbp_signal_watcher_v3_analytics
2026-06-16T15:39:51+00:00,2026-06-16T153945_0000,14,14,0,1,0,0,1,12,1,5,jfbp_signal_watcher_v3_analytics
2026-06-16T15:44:52+00:00,2026-06-16T154451_0000,14,14,0,1,0,0,1,12,1,5,jfbp_signal_watcher_v3_analytics
2026-06-16T15:49:55+00:00,2026-06-16T154952_0000,14,14,0,1,0,0,1,12,1,5,jfbp_signal_watcher_v3_analytics
2026-06-16T15:54:57+00:00,2026-06-16T155455_0000,14,14,0,1,0,0,1,12,1,5,jfbp_signal_watcher_v3_analytics
2026-06-16T16:00:00+00:00,2026-06-16T155957_0000,14,14,0,1,0,0,1,12,1,5,jfbp_signal_watcher_v3_analytics
2026-06-16T16:05:03+00:00,2026-06-16T160500_0000,14,14,0,1,0,0,1,12,1,5,jfbp_signal_watcher_v3_analytics
2026-06-16T16:10:05+00:00,2026-06-16T161003_0000,14,14,0,1,0,0,1,12,1,5,jfbp_signal_watcher_v3_analytics
2026-06-16T16:15:08+00:00,2026-06-16T161505_0000,14,14,0,1,0,0,1,12,1,5,jfbp_signal_watcher_v3_analytics
2026-06-16T16:20:12+00:00,2026-06-16T162008_0000,14,14,0,1,0,0,1,12,1,5,jfbp_signal_watcher_v3_analytics
2026-06-16T16:25:17+00:00,2026-06-16T162512_0000,14,14,0,1,0,0,1,12,1,5,jfbp_signal_watcher_v3_analytics
2026-06-16T16:30:27+00:00,2026-06-16T163017_0000,14,14,0,1,0,0,1,12,1,5,jfbp_signal_watcher_v3_analytics
2026-06-16T16:35:34+00:00,2026-06-16T163527_0000,14,14,0,1,0,0,1,12,1,5,jfbp_signal_watcher_v3_analytics
2026-06-16T16:40:39+00:00,2026-06-16T164034_0000,14,14,0,1,0,0,1,12,1,5,jfbp_signal_watcher_v3_analytics
2026-06-16T16:45:46+00:00,2026-06-16T164539_0000,14,14,0,1,0,0,1,12,1,5,jfbp_signal_watcher_v3_analytics
2026-06-16T16:50:51+00:00,2026-06-16T165046_0000,14,14,0,1,0,0,1,12,1,5,jfbp_signal_watcher_v3_analytics
2026-06-16T16:55:55+00:00,2026-06-16T165551_0000,14,14,0,1,0,0,1,12,1,5,jfbp_signal_watcher_v3_analytics
2026-06-16T17:01:00+00:00,2026-06-16T170055_0000,14,14,0,1,0,0,1,12,1,5,jfbp_signal_watcher_v3_analytics
2026-06-16T17:06:05+00:00,2026-06-16T170600_0000,14,14,0,1,0,0,1,12,1,5,jfbp_signal_watcher_v3_analytics
2026-06-16T17:11:10+00:00,2026-06-16T171105_0000,14,14,0,1,0,0,1,11,2,5,jfbp_signal_watcher_v3_analytics
2026-06-16T17:16:12+00:00,2026-06-16T171610_0000,14,14,0,1,0,0,1,11,2,5,jfbp_signal_watcher_v3_analytics
2026-06-16T17:21:14+00:00,2026-06-16T172112_0000,14,14,0,1,0,0,1,10,3,5,jfbp_signal_watcher_v3_analytics
2026-06-16T17:26:19+00:00,2026-06-16T172614_0000,14,14,0,1,0,0,1,10,3,5,jfbp_signal_watcher_v3_analytics
2026-06-16T17:31:25+00:00,2026-06-16T173119_0000,14,14,0,1,0,0,1,10,3,5,jfbp_signal_watcher_v3_analytics
2026-06-16T17:36:27+00:00,2026-06-16T173625_0000,14,14,0,1,0,0,1,10,3,5,jfbp_signal_watcher_v3_analytics
2026-06-16T17:41:29+00:00,2026-06-16T174127_0000,14,14,0,1,0,0,1,10,3,5,jfbp_signal_watcher_v3_analytics
2026-06-16T17:46:31+00:00,2026-06-16T174629_0000,14,14,0,1,0,0,1,10,3,5,jfbp_signal_watcher_v3_analytics
2026-06-16T17:51:33+00:00,2026-06-16T175131_0000,14,14,0,1,0,0,1,11,2,5,jfbp_signal_watcher_v3_analytics
2026-06-16T17:56:35+00:00,2026-06-16T175633_0000,14,14,0,1,0,0,1,11,2,5,jfbp_signal_watcher_v3_analytics
2026-06-16T18:01:37+00:00,2026-06-16T180135_0000,14,14,0,1,0,0,1,10,3,5,jfbp_signal_watcher_v3_analytics
2026-06-16T18:06:49+00:00,2026-06-16T180638_0000,14,14,0,1,0,0,1,11,2,5,jfbp_signal_watcher_v3_analytics
2026-06-16T18:11:54+00:00,2026-06-16T181149_0000,14,14,0,1,0,0,1,10,3,5,jfbp_signal_watcher_v3_analytics
2026-06-16T18:16:57+00:00,2026-06-16T181654_0000,14,14,0,1,0,0,1,11,2,5,jfbp_signal_watcher_v3_analytics
2026-06-16T18:22:02+00:00,2026-06-16T182157_0000,14,14,0,1,0,0,1,11,2,5,jfbp_signal_watcher_v3_analytics
2026-06-16T18:27:05+00:00,2026-06-16T182702_0000,14,14,0,1,0,0,1,11,2,5,jfbp_signal_watcher_v3_analytics
2026-06-16T18:32:43+00:00,2026-06-16T183205_0000,14,14,0,1,0,0,1,11,2,5,jfbp_signal_watcher_v3_analytics
2026-06-16T18:37:53+00:00,2026-06-16T183743_0000,14,14,0,1,0,0,1,11,2,5,jfbp_signal_watcher_v3_analytics
2026-06-16T18:42:57+00:00,2026-06-16T184253_0000,14,14,0,1,0,0,1,11,2,5,jfbp_signal_watcher_v3_analytics
2026-06-16T18:47:59+00:00,2026-06-16T184757_0000,14,14,0,1,0,0,1,11,2,5,jfbp_signal_watcher_v3_analytics
2026-06-16T18:53:01+00:00,2026-06-16T185259_0000,14,14,0,1,0,0,1,11,2,5,jfbp_signal_watcher_v3_analytics
2026-06-16T18:58:03+00:00,2026-06-16T185801_0000,14,14,0,1,0,0,1,11,2,5,jfbp_signal_watcher_v3_analytics
2026-06-16T19:03:05+00:00,2026-06-16T190303_0000,14,14,0,1,0,0,1,10,3,5,jfbp_signal_watcher_v3_analytics
2026-06-16T19:08:08+00:00,2026-06-16T190805_0000,14,14,0,1,0,0,1,11,2,5,jfbp_signal_watcher_v3_analytics
2026-06-16T19:13:11+00:00,2026-06-16T191308_0000,14,14,0,1,0,0,1,11,2,5,jfbp_signal_watcher_v3_analytics
2026-06-16T19:18:17+00:00,2026-06-16T191811_0000,14,14,0,1,0,0,1,11,2,5,jfbp_signal_watcher_v3_analytics
2026-06-16T19:23:21+00:00,2026-06-16T192317_0000,14,14,0,1,0,0,1,11,2,5,jfbp_signal_watcher_v3_analytics
2026-06-16T19:28:24+00:00,2026-06-16T192821_0000,14,14,0,1,0,0,1,11,2,5,jfbp_signal_watcher_v3_analytics
2026-06-16T19:33:28+00:00,2026-06-16T193324_0000,14,14,0,1,0,0,1,10,3,5,jfbp_signal_watcher_v3_analytics
2026-06-16T19:38:31+00:00,2026-06-16T193828_0000,14,14,0,1,0,0,1,10,3,5,jfbp_signal_watcher_v3_analytics
2026-06-16T19:43:35+00:00,2026-06-16T194331_0000,14,14,0,1,0,0,1,10,3,5,jfbp_signal_watcher_v3_analytics
2026-06-16T19:48:41+00:00,2026-06-16T194835_0000,14,14,0,1,0,0,1,10,3,5,jfbp_signal_watcher_v3_analytics
2026-06-16T19:53:43+00:00,2026-06-16T195341_0000,14,14,0,1,0,0,1,10,3,5,jfbp_signal_watcher_v3_analytics
2026-06-16T19:58:50+00:00,2026-06-16T195843_0000,14,14,0,1,0,0,1,10,3,5,jfbp_signal_watcher_v3_analytics
2026-06-16T20:03:52+00:00,2026-06-16T200350_0000,14,14,0,1,0,0,1,9,4,5,jfbp_signal_watcher_v3_analytics
2026-06-16T20:08:56+00:00,2026-06-16T200852_0000,14,14,0,1,0,0,1,9,4,5,jfbp_signal_watcher_v3_analytics
2026-06-16T20:14:01+00:00,2026-06-16T201356_0000,14,14,0,1,0,0,1,9,4,5,jfbp_signal_watcher_v3_analytics
2026-06-16T20:19:05+00:00,2026-06-16T201901_0000,14,14,0,1,0,0,1,9,4,5,jfbp_signal_watcher_v3_analytics
2026-06-16T20:24:07+00:00,2026-06-16T202405_0000,14,14,0,1,0,0,1,9,4,5,jfbp_signal_watcher_v3_analytics
2026-06-16T20:29:12+00:00,2026-06-16T202907_0000,14,14,0,1,0,0,1,9,4,5,jfbp_signal_watcher_v3_analytics
2026-06-16T20:34:17+00:00,2026-06-16T203412_0000,14,14,0,1,0,0,1,9,4,5,jfbp_signal_watcher_v3_analytics
2026-06-16T20:39:19+00:00,2026-06-16T203917_0000,14,14,0,1,0,0,1,9,4,5,jfbp_signal_watcher_v3_analytics
2026-06-16T20:44:21+00:00,2026-06-16T204419_0000,14,14,0,1,0,0,1,9,4,5,jfbp_signal_watcher_v3_analytics
2026-06-16T20:51:30+00:00,2026-06-16T204921_0000,14,14,0,0,14,0,0,14,0,5,jfbp_signal_watcher_v3_analytics
2026-06-16T20:56:41+00:00,2026-06-16T205635_0000,14,14,0,1,0,0,1,9,4,5,jfbp_signal_watcher_v3_analytics
2026-06-16T21:01:46+00:00,2026-06-16T210141_0000,14,14,0,1,0,0,1,9,4,5,jfbp_signal_watcher_v3_analytics
2026-06-16T21:06:52+00:00,2026-06-16T210646_0000,14,14,0,1,0,0,1,9,4,5,jfbp_signal_watcher_v3_analytics
2026-06-16T21:11:56+00:00,2026-06-16T211152_0000,14,14,0,1,0,0,1,9,4,5,jfbp_signal_watcher_v3_analytics
2026-06-16T21:17:00+00:00,2026-06-16T211656_0000,14,14,0,1,0,0,1,9,4,5,jfbp_signal_watcher_v3_analytics
2026-06-16T21:22:05+00:00,2026-06-16T212200_0000,14,14,0,1,0,0,1,9,4,5,jfbp_signal_watcher_v3_analytics
2026-06-16T21:27:10+00:00,2026-06-16T212705_0000,14,14,0,1,0,0,1,9,4,5,jfbp_signal_watcher_v3_analytics
2026-06-16T21:32:15+00:00,2026-06-16T213210_0000,14,14,0,1,0,0,1,9,4,5,jfbp_signal_watcher_v3_analytics
2026-06-16T21:37:18+00:00,2026-06-16T213715_0000,14,14,0,1,0,0,1,9,4,5,jfbp_signal_watcher_v3_analytics
2026-06-16T21:42:22+00:00,2026-06-16T214218_0000,14,14,0,1,0,0,1,9,4,5,jfbp_signal_watcher_v3_analytics
2026-06-16T21:47:24+00:00,2026-06-16T214722_0000,14,14,0,1,0,0,1,9,4,5,jfbp_signal_watcher_v3_analytics
2026-06-16T21:52:26+00:00,2026-06-16T215224_0000,14,14,0,1,0,0,1,9,4,5,jfbp_signal_watcher_v3_analytics
2026-06-16T21:57:29+00:00,2026-06-16T215726_0000,14,14,0,1,0,0,1,9,4,5,jfbp_signal_watcher_v3_analytics
2026-06-16T22:02:32+00:00,2026-06-16T220229_0000,14,14,0,1,0,0,1,9,4,5,jfbp_signal_watcher_v3_analytics
2026-06-16T22:07:35+00:00,2026-06-16T220732_0000,14,14,0,1,0,0,1,9,4,5,jfbp_signal_watcher_v3_analytics
2026-06-16T22:12:37+00:00,2026-06-16T221235_0000,14,14,0,1,0,0,1,9,4,5,jfbp_signal_watcher_v3_analytics
2026-06-16T22:17:42+00:00,2026-06-16T221737_0000,14,14,0,1,0,0,1,9,4,5,jfbp_signal_watcher_v3_analytics
2026-06-16T22:22:47+00:00,2026-06-16T222242_0000,14,14,0,1,0,0,1,9,4,5,jfbp_signal_watcher_v3_analytics
2026-06-16T22:27:49+00:00,2026-06-16T222747_0000,14,14,0,1,0,0,1,9,4,5,jfbp_signal_watcher_v3_analytics
2026-06-16T22:32:54+00:00,2026-06-16T223249_0000,14,14,0,1,0,0,1,9,4,5,jfbp_signal_watcher_v3_analytics
2026-06-16T22:37:56+00:00,2026-06-16T223754_0000,14,14,0,1,0,0,1,9,4,5,jfbp_signal_watcher_v3_analytics
2026-06-16T22:42:58+00:00,2026-06-16T224256_0000,14,14,0,1,0,0,1,9,4,5,jfbp_signal_watcher_v3_analytics
2026-06-16T22:48:02+00:00,2026-06-16T224758_0000,14,14,0,1,0,0,1,9,4,5,jfbp_signal_watcher_v3_analytics
2026-06-16T22:53:04+00:00,2026-06-16T225302_0000,14,14,0,1,0,0,1,9,4,5,jfbp_signal_watcher_v3_analytics
2026-06-16T22:58:09+00:00,2026-06-16T225804_0000,14,14,0,1,0,0,1,9,4,5,jfbp_signal_watcher_v3_analytics
2026-06-16T23:03:13+00:00,2026-06-16T230309_0000,14,14,0,1,0,0,1,9,4,5,jfbp_signal_watcher_v3_analytics
2026-06-16T23:08:14+00:00,2026-06-16T230813_0000,14,14,0,1,0,0,1,9,4,5,jfbp_signal_watcher_v3_analytics
2026-06-16T23:13:16+00:00,2026-06-16T231314_0000,14,14,0,1,0,0,1,9,4,5,jfbp_signal_watcher_v3_analytics
2026-06-16T23:18:19+00:00,2026-06-16T231817_0000,14,14,0,1,0,0,1,9,4,5,jfbp_signal_watcher_v3_analytics
2026-06-16T23:23:21+00:00,2026-06-16T232319_0000,14,14,0,1,0,0,1,9,4,5,jfbp_signal_watcher_v3_analytics
2026-06-16T23:28:26+00:00,2026-06-16T232821_0000,14,14,0,1,0,0,1,9,4,5,jfbp_signal_watcher_v3_analytics
2026-06-16T23:33:28+00:00,2026-06-16T233326_0000,14,14,0,1,0,0,1,9,4,5,jfbp_signal_watcher_v3_analytics
2026-06-16T23:38:30+00:00,2026-06-16T233828_0000,14,14,0,1,0,0,1,9,4,5,jfbp_signal_watcher_v3_analytics
2026-06-16T23:43:56+00:00,2026-06-16T234330_0000,14,14,0,1,0,0,1,9,4,5,jfbp_signal_watcher_v3_analytics
2026-06-16T23:49:04+00:00,2026-06-16T234857_0000,14,14,0,1,0,0,1,9,4,5,jfbp_signal_watcher_v3_analytics
2026-06-16T23:54:06+00:00,2026-06-16T235404_0000,14,14,0,1,0,0,1,9,4,5,jfbp_signal_watcher_v3_analytics
2026-06-16T23:59:09+00:00,2026-06-16T235906_0000,14,14,0,1,0,0,1,9,4,5,jfbp_signal_watcher_v3_analytics
2026-06-17T00:04:12+00:00,2026-06-17T000409_0000,14,14,0,1,0,0,1,9,4,5,jfbp_signal_watcher_v3_analytics
2026-06-17T00:09:14+00:00,2026-06-17T000912_0000,14,14,0,1,0,0,1,9,4,5,jfbp_signal_watcher_v3_analytics
2026-06-17T00:14:16+00:00,2026-06-17T001414_0000,14,14,0,1,0,0,1,9,4,5,jfbp_signal_watcher_v3_analytics
2026-06-17T00:19:21+00:00,2026-06-17T001916_0000,14,14,0,1,0,0,1,9,4,5,jfbp_signal_watcher_v3_analytics
2026-06-17T00:24:26+00:00,2026-06-17T002421_0000,14,14,0,1,0,0,1,9,4,5,jfbp_signal_watcher_v3_analytics
2026-06-17T00:29:29+00:00,2026-06-17T002926_0000,14,14,0,1,0,0,1,9,4,5,jfbp_signal_watcher_v3_analytics
2026-06-17T00:34:31+00:00,2026-06-17T003429_0000,14,14,0,1,0,0,1,9,4,5,jfbp_signal_watcher_v3_analytics
2026-06-17T00:39:33+00:00,2026-06-17T003931_0000,14,14,0,1,0,0,1,9,4,5,jfbp_signal_watcher_v3_analytics
2026-06-17T00:44:35+00:00,2026-06-17T004433_0000,14,14,0,1,0,0,1,9,4,5,jfbp_signal_watcher_v3_analytics
2026-06-17T00:50:01+00:00,2026-06-17T004935_0000,14,14,0,1,0,0,1,9,4,5,jfbp_signal_watcher_v3_analytics
2026-06-17T00:55:11+00:00,2026-06-17T005501_0000,14,14,0,1,0,0,1,9,4,5,jfbp_signal_watcher_v3_analytics
2026-06-17T01:00:20+00:00,2026-06-17T010011_0000,14,14,0,1,0,0,1,9,4,5,jfbp_signal_watcher_v3_analytics
2026-06-17T01:05:28+00:00,2026-06-17T010520_0000,14,14,0,1,0,0,1,9,4,5,jfbp_signal_watcher_v3_analytics
2026-06-17T01:10:33+00:00,2026-06-17T011028_0000,14,14,0,1,0,0,1,9,4,5,jfbp_signal_watcher_v3_analytics
2026-06-17T01:15:39+00:00,2026-06-17T011533_0000,14,14,0,1,0,0,1,9,4,5,jfbp_signal_watcher_v3_analytics
2026-06-17T01:20:45+00:00,2026-06-17T012039_0000,14,14,0,1,0,0,1,9,4,5,jfbp_signal_watcher_v3_analytics
2026-06-17T01:25:50+00:00,2026-06-17T012545_0000,14,14,0,1,0,0,1,9,4,5,jfbp_signal_watcher_v3_analytics
2026-06-17T01:31:00+00:00,2026-06-17T013050_0000,14,14,0,1,0,0,1,9,4,5,jfbp_signal_watcher_v3_analytics
2026-06-17T01:36:07+00:00,2026-06-17T013600_0000,14,14,0,1,0,0,1,9,4,5,jfbp_signal_watcher_v3_analytics
2026-06-17T01:41:13+00:00,2026-06-17T014107_0000,14,14,0,1,0,0,1,9,4,5,jfbp_signal_watcher_v3_analytics
2026-06-17T01:46:17+00:00,2026-06-17T014613_0000,14,14,0,1,0,0,1,9,4,5,jfbp_signal_watcher_v3_analytics
2026-06-17T01:51:19+00:00,2026-06-17T015117_0000,14,14,0,1,0,0,1,9,4,5,jfbp_signal_watcher_v3_analytics
2026-06-17T01:56:23+00:00,2026-06-17T015619_0000,14,14,0,1,0,0,1,9,4,5,jfbp_signal_watcher_v3_analytics
2026-06-17T02:01:29+00:00,2026-06-17T020123_0000,14,14,0,1,0,0,1,9,4,5,jfbp_signal_watcher_v3_analytics
2026-06-17T02:06:37+00:00,2026-06-17T020629_0000,14,14,0,1,0,0,1,9,4,5,jfbp_signal_watcher_v3_analytics
2026-06-17T02:11:43+00:00,2026-06-17T021137_0000,14,14,0,1,0,0,1,9,4,5,jfbp_signal_watcher_v3_analytics
2026-06-17T02:16:47+00:00,2026-06-17T021643_0000,14,14,0,1,0,0,1,9,4,5,jfbp_signal_watcher_v3_analytics
2026-06-17T02:21:51+00:00,2026-06-17T022147_0000,14,14,0,1,0,0,1,9,4,5,jfbp_signal_watcher_v3_analytics
2026-06-17T02:26:56+00:00,2026-06-17T022651_0000,14,14,0,1,0,0,1,9,4,5,jfbp_signal_watcher_v3_analytics
2026-06-17T02:32:02+00:00,2026-06-17T023156_0000,14,14,0,1,0,0,1,9,4,5,jfbp_signal_watcher_v3_analytics
2026-06-17T02:37:08+00:00,2026-06-17T023702_0000,14,14,0,1,0,0,1,9,4,5,jfbp_signal_watcher_v3_analytics
2026-06-17T02:42:11+00:00,2026-06-17T024208_0000,14,14,0,1,0,0,1,9,4,5,jfbp_signal_watcher_v3_analytics
2026-06-17T02:47:16+00:00,2026-06-17T024711_0000,14,14,0,1,0,0,1,9,4,5,jfbp_signal_watcher_v3_analytics
2026-06-17T02:52:21+00:00,2026-06-17T025216_0000,14,14,0,1,0,0,1,9,4,5,jfbp_signal_watcher_v3_analytics
2026-06-17T02:57:32+00:00,2026-06-17T025721_0000,14,14,0,1,0,0,1,9,4,5,jfbp_signal_watcher_v3_analytics
2026-06-17T03:02:38+00:00,2026-06-17T030232_0000,14,14,0,1,0,0,1,9,4,5,jfbp_signal_watcher_v3_analytics
2026-06-17T03:07:46+00:00,2026-06-17T030738_0000,14,14,0,1,0,0,1,9,4,5,jfbp_signal_watcher_v3_analytics
2026-06-17T03:12:55+00:00,2026-06-17T031246_0000,14,14,0,1,0,0,1,9,4,5,jfbp_signal_watcher_v3_analytics
2026-06-17T03:18:01+00:00,2026-06-17T031755_0000,14,14,0,1,0,0,1,9,4,5,jfbp_signal_watcher_v3_analytics
2026-06-17T03:23:09+00:00,2026-06-17T032301_0000,14,14,0,1,0,0,1,9,4,5,jfbp_signal_watcher_v3_analytics
2026-06-17T03:28:17+00:00,2026-06-17T032809_0000,14,14,0,1,0,0,1,9,4,5,jfbp_signal_watcher_v3_analytics
2026-06-17T03:33:20+00:00,2026-06-17T033317_0000,14,14,0,1,0,0,1,9,4,5,jfbp_signal_watcher_v3_analytics
2026-06-17T03:38:24+00:00,2026-06-17T033820_0000,14,14,0,1,0,0,1,9,4,5,jfbp_signal_watcher_v3_analytics
2026-06-17T03:43:27+00:00,2026-06-17T034324_0000,14,14,0,1,0,0,1,9,4,5,jfbp_signal_watcher_v3_analytics
2026-06-17T03:48:30+00:00,2026-06-17T034827_0000,14,14,0,1,0,0,1,9,4,5,jfbp_signal_watcher_v3_analytics
2026-06-17T03:53:36+00:00,2026-06-17T035330_0000,14,14,0,1,0,0,1,9,4,5,jfbp_signal_watcher_v3_analytics
2026-06-17T03:58:39+00:00,2026-06-17T035836_0000,14,14,0,1,0,0,1,9,4,5,jfbp_signal_watcher_v3_analytics
2026-06-17T04:03:42+00:00,2026-06-17T040339_0000,14,14,0,1,0,0,1,9,4,5,jfbp_signal_watcher_v3_analytics
2026-06-17T04:08:45+00:00,2026-06-17T040842_0000,14,14,0,1,0,0,1,9,4,5,jfbp_signal_watcher_v3_analytics
2026-06-17T04:13:48+00:00,2026-06-17T041345_0000,14,14,0,1,0,0,1,9,4,5,jfbp_signal_watcher_v3_analytics
2026-06-17T04:18:54+00:00,2026-06-17T041848_0000,14,14,0,1,0,0,1,9,4,5,jfbp_signal_watcher_v3_analytics
2026-06-17T04:23:56+00:00,2026-06-17T042354_0000,14,14,0,1,0,0,1,9,4,5,jfbp_signal_watcher_v3_analytics
2026-06-17T04:28:58+00:00,2026-06-17T042856_0000,14,14,0,1,0,0,1,9,4,5,jfbp_signal_watcher_v3_analytics
2026-06-17T04:34:00+00:00,2026-06-17T043358_0000,14,14,0,1,0,0,1,9,4,5,jfbp_signal_watcher_v3_analytics
2026-06-17T04:39:02+00:00,2026-06-17T043900_0000,14,14,0,1,0,0,1,9,4,5,jfbp_signal_watcher_v3_analytics
2026-06-17T04:44:04+00:00,2026-06-17T044402_0000,14,14,0,1,0,0,1,9,4,5,jfbp_signal_watcher_v3_analytics
2026-06-17T04:49:06+00:00,2026-06-17T044904_0000,14,14,0,1,0,0,1,9,4,5,jfbp_signal_watcher_v3_analytics
2026-06-17T11:06:42+00:00,2026-06-17T105352_0000,14,14,0,1,1,0,1,10,3,5,jfbp_signal_watcher_v3_analytics
2026-06-17T13:17:14+00:00,2026-06-17T131710_0000,14,14,0,1,0,0,1,9,4,5,jfbp_signal_watcher_v3_analytics
2026-06-17T13:22:17+00:00,2026-06-17T132214_0000,14,14,0,1,0,0,1,9,4,5,jfbp_signal_watcher_v3_analytics
2026-06-17T13:27:19+00:00,2026-06-17T132717_0000,14,14,0,1,0,0,1,9,4,5,jfbp_signal_watcher_v3_analytics
2026-06-17T13:32:24+00:00,2026-06-17T133219_0000,14,14,0,1,0,0,1,11,2,5,jfbp_signal_watcher_v3_analytics
2026-06-17T13:37:31+00:00,2026-06-17T133724_0000,14,14,0,1,0,0,1,11,2,5,jfbp_signal_watcher_v3_analytics
2026-06-17T13:42:33+00:00,2026-06-17T134231_0000,14,14,0,1,0,0,1,11,2,5,jfbp_signal_watcher_v3_analytics
2026-06-17T13:47:36+00:00,2026-06-17T134733_0000,14,14,0,1,0,0,1,10,3,5,jfbp_signal_watcher_v3_analytics
2026-06-17T13:52:39+00:00,2026-06-17T135236_0000,14,14,0,1,0,0,1,10,3,5,jfbp_signal_watcher_v3_analytics
2026-06-17T13:57:42+00:00,2026-06-17T135739_0000,14,14,0,1,0,0,1,10,3,5,jfbp_signal_watcher_v3_analytics
2026-06-17T14:02:45+00:00,2026-06-17T140242_0000,14,14,0,1,0,0,1,10,3,5,jfbp_signal_watcher_v3_analytics
2026-06-17T14:08:25+00:00,2026-06-17T140746_0000,14,14,0,1,0,0,1,10,3,5,jfbp_signal_watcher_v3_analytics
2026-06-17T14:14:07+00:00,2026-06-17T141325_0000,14,14,0,1,0,0,1,11,2,5,jfbp_signal_watcher_v3_analytics
2026-06-17T14:19:10+00:00,2026-06-17T141907_0000,14,14,0,1,0,0,1,10,3,5,jfbp_signal_watcher_v3_analytics
2026-06-17T14:24:13+00:00,2026-06-17T142410_0000,14,14,1,1,0,0,2,9,3,5,jfbp_signal_watcher_v3_analytics
2026-06-17T14:29:15+00:00,2026-06-17T142913_0000,14,14,0,2,0,0,2,9,3,5,jfbp_signal_watcher_v3_analytics
2026-06-17T14:34:19+00:00,2026-06-17T143415_0000,14,14,0,2,0,0,2,9,3,5,jfbp_signal_watcher_v3_analytics
2026-06-17T14:39:21+00:00,2026-06-17T143919_0000,14,14,0,1,0,0,1,10,3,5,jfbp_signal_watcher_v3_analytics
2026-06-17T14:44:26+00:00,2026-06-17T144421_0000,14,14,0,1,0,0,1,10,3,5,jfbp_signal_watcher_v3_analytics
2026-06-17T14:49:28+00:00,2026-06-17T144926_0000,14,14,0,1,0,0,1,10,3,5,jfbp_signal_watcher_v3_analytics
2026-06-17T14:54:33+00:00,2026-06-17T145428_0000,14,14,0,2,0,0,2,9,3,5,jfbp_signal_watcher_v3_analytics
2026-06-17T14:59:38+00:00,2026-06-17T145933_0000,14,14,0,1,0,0,1,9,4,5,jfbp_signal_watcher_v3_analytics
2026-06-17T15:04:41+00:00,2026-06-17T150438_0000,14,14,0,2,0,0,2,8,4,5,jfbp_signal_watcher_v3_analytics
2026-06-17T15:09:47+00:00,2026-06-17T150941_0000,14,14,0,2,0,0,2,8,4,5,jfbp_signal_watcher_v3_analytics
2026-06-17T15:14:51+00:00,2026-06-17T151447_0000,14,14,0,2,0,0,2,9,3,5,jfbp_signal_watcher_v3_analytics
2026-06-17T15:19:53+00:00,2026-06-17T151951_0000,14,14,0,2,0,0,2,8,4,5,jfbp_signal_watcher_v3_analytics
2026-06-17T15:24:56+00:00,2026-06-17T152453_0000,14,14,0,2,0,0,2,8,4,5,jfbp_signal_watcher_v3_analytics
2026-06-17T15:29:58+00:00,2026-06-17T152956_0000,14,14,0,2,0,0,2,8,4,5,jfbp_signal_watcher_v3_analytics
2026-06-17T15:35:00+00:00,2026-06-17T153458_0000,14,14,0,2,0,0,2,8,4,5,jfbp_signal_watcher_v3_analytics
2026-06-17T15:40:03+00:00,2026-06-17T154000_0000,14,14,0,2,0,0,2,8,4,5,jfbp_signal_watcher_v3_analytics
2026-06-17T15:45:05+00:00,2026-06-17T154503_0000,14,14,0,2,0,0,2,8,4,5,jfbp_signal_watcher_v3_analytics
2026-06-17T15:50:08+00:00,2026-06-17T155005_0000,14,14,0,2,0,0,2,8,4,5,jfbp_signal_watcher_v3_analytics
2026-06-17T15:55:10+00:00,2026-06-17T155508_0000,14,14,0,2,0,0,2,8,4,5,jfbp_signal_watcher_v3_analytics
2026-06-17T16:00:12+00:00,2026-06-17T160010_0000,14,14,0,2,0,0,2,8,4,5,jfbp_signal_watcher_v3_analytics
2026-06-17T16:05:14+00:00,2026-06-17T160512_0000,14,14,0,2,0,0,2,8,4,5,jfbp_signal_watcher_v3_analytics
2026-06-17T16:10:17+00:00,2026-06-17T161014_0000,14,14,0,2,0,0,2,8,4,5,jfbp_signal_watcher_v3_analytics
2026-06-17T16:15:20+00:00,2026-06-17T161517_0000,14,14,0,2,0,0,2,9,3,5,jfbp_signal_watcher_v3_analytics
2026-06-17T16:20:23+00:00,2026-06-17T162020_0000,14,14,0,2,0,0,2,9,3,5,jfbp_signal_watcher_v3_analytics
2026-06-17T16:25:28+00:00,2026-06-17T162523_0000,14,14,0,2,0,0,2,9,3,5,jfbp_signal_watcher_v3_analytics
2026-06-17T16:31:27+00:00,2026-06-17T163028_0000,14,14,0,2,0,0,2,9,3,5,jfbp_signal_watcher_v3_analytics
2026-06-17T16:36:38+00:00,2026-06-17T163628_0000,14,14,0,2,0,0,2,9,3,5,jfbp_signal_watcher_v3_analytics
2026-06-17T16:41:44+00:00,2026-06-17T164138_0000,14,14,0,2,0,0,2,9,3,5,jfbp_signal_watcher_v3_analytics
2026-06-17T16:46:49+00:00,2026-06-17T164644_0000,14,14,0,2,0,0,2,9,3,5,jfbp_signal_watcher_v3_analytics
2026-06-17T16:51:55+00:00,2026-06-17T165149_0000,14,14,0,2,0,0,2,9,3,5,jfbp_signal_watcher_v3_analytics
2026-06-17T16:57:00+00:00,2026-06-17T165655_0000,14,14,0,2,0,0,2,9,3,5,jfbp_signal_watcher_v3_analytics
2026-06-17T17:02:05+00:00,2026-06-17T170200_0000,14,14,0,2,0,0,2,9,3,5,jfbp_signal_watcher_v3_analytics
2026-06-17T17:07:14+00:00,2026-06-17T170706_0000,14,14,0,2,0,0,2,9,3,5,jfbp_signal_watcher_v3_analytics
2026-06-17T17:12:22+00:00,2026-06-17T171214_0000,14,14,0,2,0,0,2,9,3,5,jfbp_signal_watcher_v3_analytics
2026-06-17T17:17:32+00:00,2026-06-17T171722_0000,14,14,0,2,0,0,2,9,3,5,jfbp_signal_watcher_v3_analytics
2026-06-17T17:22:40+00:00,2026-06-17T172232_0000,14,14,0,2,0,0,2,9,3,5,jfbp_signal_watcher_v3_analytics
2026-06-17T17:27:53+00:00,2026-06-17T172741_0000,14,14,0,2,0,0,2,9,3,5,jfbp_signal_watcher_v3_analytics
2026-06-17T17:33:02+00:00,2026-06-17T173253_0000,14,14,0,2,0,0,2,9,3,5,jfbp_signal_watcher_v3_analytics
2026-06-17T17:38:07+00:00,2026-06-17T173802_0000,14,14,0,2,0,0,2,9,3,5,jfbp_signal_watcher_v3_analytics
2026-06-17T17:43:15+00:00,2026-06-17T174307_0000,14,14,0,2,0,0,2,9,3,5,jfbp_signal_watcher_v3_analytics
2026-06-17T17:48:18+00:00,2026-06-17T174815_0000,14,14,0,2,0,0,2,9,3,5,jfbp_signal_watcher_v3_analytics
2026-06-17T17:53:20+00:00,2026-06-17T175318_0000,14,14,0,2,0,0,2,9,3,5,jfbp_signal_watcher_v3_analytics
2026-06-17T17:58:23+00:00,2026-06-17T175820_0000,14,14,0,2,0,0,2,9,3,5,jfbp_signal_watcher_v3_analytics
2026-06-17T18:03:27+00:00,2026-06-17T180323_0000,14,14,0,2,0,0,2,9,3,5,jfbp_signal_watcher_v3_analytics
2026-06-17T18:09:01+00:00,2026-06-17T180827_0000,14,14,0,2,0,0,2,9,3,5,jfbp_signal_watcher_v3_analytics
2026-06-17T18:14:16+00:00,2026-06-17T181401_0000,14,14,0,2,0,0,2,9,3,5,jfbp_signal_watcher_v3_analytics
2026-06-17T18:19:23+00:00,2026-06-17T181916_0000,14,14,0,2,0,0,2,9,3,5,jfbp_signal_watcher_v3_analytics
2026-06-17T18:24:26+00:00,2026-06-17T182423_0000,14,14,0,2,0,0,2,9,3,5,jfbp_signal_watcher_v3_analytics
2026-06-17T18:29:28+00:00,2026-06-17T182926_0000,14,14,0,2,0,0,2,9,3,5,jfbp_signal_watcher_v3_analytics
2026-06-17T18:34:32+00:00,2026-06-17T183428_0000,14,14,0,2,0,0,2,8,4,5,jfbp_signal_watcher_v3_analytics
2026-06-17T18:39:45+00:00,2026-06-17T183932_0000,14,14,0,2,0,0,2,9,3,5,jfbp_signal_watcher_v3_analytics
2026-06-17T18:45:02+00:00,2026-06-17T184445_0000,14,14,0,2,0,0,2,9,3,5,jfbp_signal_watcher_v3_analytics
2026-06-17T18:50:05+00:00,2026-06-17T185002_0000,14,14,0,2,0,0,2,9,3,5,jfbp_signal_watcher_v3_analytics
2026-06-17T18:55:08+00:00,2026-06-17T185506_0000,14,14,0,2,0,0,2,9,3,5,jfbp_signal_watcher_v3_analytics
2026-06-17T19:00:11+00:00,2026-06-17T190008_0000,14,14,0,2,0,0,2,9,3,5,jfbp_signal_watcher_v3_analytics
2026-06-17T19:05:13+00:00,2026-06-17T190511_0000,14,14,0,2,0,0,2,9,3,5,jfbp_signal_watcher_v3_analytics
2026-06-17T19:10:52+00:00,2026-06-17T191013_0000,14,14,0,0,14,0,0,14,0,5,jfbp_signal_watcher_v3_analytics
2026-06-17T19:16:08+00:00,2026-06-17T191552_0000,14,14,1,1,0,0,2,9,3,5,jfbp_signal_watcher_v3_analytics
2026-06-17T19:21:22+00:00,2026-06-17T192108_0000,14,14,0,1,0,0,1,9,4,5,jfbp_signal_watcher_v3_analytics
2026-06-17T19:26:38+00:00,2026-06-17T192622_0000,14,14,0,2,0,0,2,9,3,5,jfbp_signal_watcher_v3_analytics
2026-06-17T19:31:48+00:00,2026-06-17T193138_0000,14,14,0,1,0,0,1,10,3,5,jfbp_signal_watcher_v3_analytics
2026-06-17T19:36:56+00:00,2026-06-17T193648_0000,14,14,0,1,0,0,1,10,3,5,jfbp_signal_watcher_v3_analytics
2026-06-17T19:41:58+00:00,2026-06-17T194156_0000,14,14,0,1,0,0,1,9,4,5,jfbp_signal_watcher_v3_analytics
2026-06-17T19:47:04+00:00,2026-06-17T194659_0000,14,14,0,1,0,0,1,9,4,5,jfbp_signal_watcher_v3_analytics
2026-06-17T19:52:07+00:00,2026-06-17T195204_0000,14,14,0,1,0,0,1,9,4,5,jfbp_signal_watcher_v3_analytics
2026-06-17T19:57:49+00:00,2026-06-17T195707_0000,14,14,0,0,14,0,0,14,0,5,jfbp_signal_watcher_v3_analytics
2026-06-17T20:03:09+00:00,2026-06-17T200249_0000,14,14,0,1,0,0,1,10,3,5,jfbp_signal_watcher_v3_analytics
2026-06-17T20:08:23+00:00,2026-06-17T200809_0000,14,14,0,1,0,0,1,10,3,5,jfbp_signal_watcher_v3_analytics
2026-06-17T20:13:25+00:00,2026-06-17T201323_0000,14,14,0,1,0,0,1,10,3,5,jfbp_signal_watcher_v3_analytics
2026-06-17T20:18:28+00:00,2026-06-17T201825_0000,14,14,0,1,0,0,1,10,3,5,jfbp_signal_watcher_v3_analytics
2026-06-17T20:23:33+00:00,2026-06-17T202328_0000,14,14,0,1,0,0,1,10,3,5,jfbp_signal_watcher_v3_analytics
2026-06-17T20:28:40+00:00,2026-06-17T202833_0000,14,14,0,1,0,0,1,10,3,5,jfbp_signal_watcher_v3_analytics
2026-06-17T20:33:44+00:00,2026-06-17T203340_0000,14,14,0,1,0,0,1,10,3,5,jfbp_signal_watcher_v3_analytics
2026-06-17T20:39:07+00:00,2026-06-17T203846_0000,14,14,0,0,14,0,0,14,0,5,jfbp_signal_watcher_v3_analytics
2026-06-17T20:44:20+00:00,2026-06-17T204407_0000,14,14,0,1,0,0,1,10,3,5,jfbp_signal_watcher_v3_analytics
2026-06-17T20:49:34+00:00,2026-06-17T204920_0000,14,14,0,1,0,0,1,10,3,5,jfbp_signal_watcher_v3_analytics
2026-06-17T20:54:51+00:00,2026-06-17T205434_0000,14,14,0,1,0,0,1,10,3,5,jfbp_signal_watcher_v3_analytics
2026-06-17T21:00:06+00:00,2026-06-17T205951_0000,14,14,0,1,0,0,1,10,3,5,jfbp_signal_watcher_v3_analytics
2026-06-17T21:05:14+00:00,2026-06-17T210506_0000,14,14,0,1,0,0,1,10,3,5,jfbp_signal_watcher_v3_analytics
2026-06-17T21:10:22+00:00,2026-06-17T211014_0000,14,14,0,1,0,0,1,10,3,5,jfbp_signal_watcher_v3_analytics
2026-06-17T21:15:30+00:00,2026-06-17T211522_0000,14,14,0,1,0,0,1,10,3,5,jfbp_signal_watcher_v3_analytics
2026-06-17T21:20:42+00:00,2026-06-17T212030_0000,14,14,0,1,0,0,1,10,3,5,jfbp_signal_watcher_v3_analytics
2026-06-17T21:25:53+00:00,2026-06-17T212543_0000,14,14,0,1,0,0,1,10,3,5,jfbp_signal_watcher_v3_analytics
2026-06-17T21:31:08+00:00,2026-06-17T213053_0000,14,14,0,1,0,0,1,10,3,5,jfbp_signal_watcher_v3_analytics
2026-06-17T21:36:19+00:00,2026-06-17T213608_0000,14,14,0,1,0,0,1,10,3,5,jfbp_signal_watcher_v3_analytics
2026-06-17T21:41:24+00:00,2026-06-17T214119_0000,14,14,0,1,0,0,1,10,3,5,jfbp_signal_watcher_v3_analytics
2026-06-17T21:46:30+00:00,2026-06-17T214624_0000,14,14,0,1,0,0,1,10,3,5,jfbp_signal_watcher_v3_analytics
2026-06-17T21:52:32+00:00,2026-06-17T215130_0000,14,14,0,1,0,0,1,10,3,5,jfbp_signal_watcher_v3_analytics
2026-06-17T21:57:53+00:00,2026-06-17T215740_0000,14,14,0,1,0,0,1,10,3,5,jfbp_signal_watcher_v3_analytics
2026-06-17T22:03:08+00:00,2026-06-17T220254_0000,14,14,0,1,0,0,1,10,3,5,jfbp_signal_watcher_v3_analytics
2026-06-17T22:08:22+00:00,2026-06-17T220808_0000,14,14,0,1,0,0,1,10,3,5,jfbp_signal_watcher_v3_analytics
2026-06-17T22:13:38+00:00,2026-06-17T221322_0000,14,14,0,1,0,0,1,10,3,5,jfbp_signal_watcher_v3_analytics
2026-06-17T22:18:53+00:00,2026-06-17T221838_0000,14,14,0,1,0,0,1,10,3,5,jfbp_signal_watcher_v3_analytics
2026-06-17T22:24:10+00:00,2026-06-17T222353_0000,14,14,0,1,0,0,1,10,3,5,jfbp_signal_watcher_v3_analytics
2026-06-17T22:29:34+00:00,2026-06-17T222910_0000,14,14,0,1,0,0,1,10,3,5,jfbp_signal_watcher_v3_analytics
2026-06-17T22:34:50+00:00,2026-06-17T223435_0000,14,14,0,1,0,0,1,10,3,5,jfbp_signal_watcher_v3_analytics
2026-06-17T22:39:52+00:00,2026-06-17T223950_0000,14,14,0,1,0,0,1,10,3,5,jfbp_signal_watcher_v3_analytics
2026-06-17T22:44:54+00:00,2026-06-17T224452_0000,14,14,0,1,0,0,1,10,3,5,jfbp_signal_watcher_v3_analytics
2026-06-17T22:49:57+00:00,2026-06-17T224954_0000,14,14,0,1,0,0,1,10,3,5,jfbp_signal_watcher_v3_analytics
2026-06-17T22:55:03+00:00,2026-06-17T225457_0000,14,14,0,1,0,0,1,10,3,5,jfbp_signal_watcher_v3_analytics
2026-06-17T23:00:49+00:00,2026-06-17T230004_0000,14,14,0,0,14,0,0,14,0,5,jfbp_signal_watcher_v3_analytics
2026-06-17T23:06:30+00:00,2026-06-17T230549_0000,14,14,0,1,0,0,1,10,3,5,jfbp_signal_watcher_v3_analytics
2026-06-17T23:11:36+00:00,2026-06-17T231130_0000,14,14,0,1,0,0,1,10,3,5,jfbp_signal_watcher_v3_analytics
2026-06-17T23:16:39+00:00,2026-06-17T231636_0000,14,14,0,1,0,0,1,10,3,5,jfbp_signal_watcher_v3_analytics
2026-06-17T23:21:44+00:00,2026-06-17T232139_0000,14,14,0,1,0,0,1,10,3,5,jfbp_signal_watcher_v3_analytics
2026-06-17T23:26:46+00:00,2026-06-17T232644_0000,14,14,0,1,0,0,1,10,3,5,jfbp_signal_watcher_v3_analytics
2026-06-17T23:32:24+00:00,2026-06-17T233146_0000,14,14,0,1,0,0,1,10,3,5,jfbp_signal_watcher_v3_analytics
2026-06-17T23:38:11+00:00,2026-06-17T233724_0000,14,14,0,1,0,0,1,10,3,5,jfbp_signal_watcher_v3_analytics
2026-06-17T23:43:51+00:00,2026-06-17T234312_0000,14,14,0,1,0,0,1,10,3,5,jfbp_signal_watcher_v3_analytics
2026-06-17T23:49:36+00:00,2026-06-17T234852_0000,14,14,0,1,1,0,1,10,3,5,jfbp_signal_watcher_v3_analytics
2026-06-17T23:54:45+00:00,2026-06-17T235436_0000,14,14,0,1,0,0,1,10,3,5,jfbp_signal_watcher_v3_analytics
2026-06-17T23:59:53+00:00,2026-06-17T235945_0000,14,14,0,1,0,0,1,10,3,5,jfbp_signal_watcher_v3_analytics
2026-06-18T00:04:54+00:00,2026-06-18T000453_0000,14,14,0,1,0,0,1,10,3,5,jfbp_signal_watcher_v3_analytics
2026-06-18T00:09:58+00:00,2026-06-18T000954_0000,14,14,0,1,0,0,1,10,3,5,jfbp_signal_watcher_v3_analytics
2026-06-18T00:15:01+00:00,2026-06-18T001458_0000,14,14,0,1,0,0,1,10,3,5,jfbp_signal_watcher_v3_analytics
2026-06-18T00:20:04+00:00,2026-06-18T002001_0000,14,14,0,1,0,0,1,10,3,5,jfbp_signal_watcher_v3_analytics
2026-06-18T00:25:07+00:00,2026-06-18T002504_0000,14,14,0,1,0,0,1,10,3,5,jfbp_signal_watcher_v3_analytics
2026-06-18T00:30:12+00:00,2026-06-18T003007_0000,14,14,0,1,0,0,1,10,3,5,jfbp_signal_watcher_v3_analytics
2026-06-18T00:35:16+00:00,2026-06-18T003512_0000,14,14,0,1,0,0,1,10,3,5,jfbp_signal_watcher_v3_analytics
2026-06-18T00:40:18+00:00,2026-06-18T004016_0000,14,14,0,1,0,0,1,10,3,5,jfbp_signal_watcher_v3_analytics
2026-06-18T00:45:22+00:00,2026-06-18T004518_0000,14,14,0,1,0,0,1,10,3,5,jfbp_signal_watcher_v3_analytics
2026-06-18T00:50:23+00:00,2026-06-18T005022_0000,14,14,0,1,0,0,1,10,3,5,jfbp_signal_watcher_v3_analytics
2026-06-18T00:55:26+00:00,2026-06-18T005523_0000,14,14,0,1,0,0,1,10,3,5,jfbp_signal_watcher_v3_analytics
2026-06-18T01:00:30+00:00,2026-06-18T010026_0000,14,14,0,1,0,0,1,10,3,5,jfbp_signal_watcher_v3_analytics
2026-06-18T01:05:36+00:00,2026-06-18T010530_0000,14,14,0,1,0,0,1,10,3,5,jfbp_signal_watcher_v3_analytics
2026-06-18T01:10:38+00:00,2026-06-18T011036_0000,14,14,0,1,0,0,1,10,3,5,jfbp_signal_watcher_v3_analytics
2026-06-18T01:15:40+00:00,2026-06-18T011538_0000,14,14,0,1,0,0,1,10,3,5,jfbp_signal_watcher_v3_analytics
2026-06-18T01:20:43+00:00,2026-06-18T012040_0000,14,14,0,1,0,0,1,10,3,5,jfbp_signal_watcher_v3_analytics
2026-06-18T01:25:45+00:00,2026-06-18T012543_0000,14,14,0,1,0,0,1,10,3,5,jfbp_signal_watcher_v3_analytics
2026-06-18T01:31:15+00:00,2026-06-18T013045_0000,14,14,0,1,0,0,1,10,3,5,jfbp_signal_watcher_v3_analytics
2026-06-18T01:36:21+00:00,2026-06-18T013615_0000,14,14,0,1,0,0,1,10,3,5,jfbp_signal_watcher_v3_analytics
2026-06-18T01:41:24+00:00,2026-06-18T014121_0000,14,14,0,1,0,0,1,10,3,5,jfbp_signal_watcher_v3_analytics
2026-06-18T01:46:27+00:00,2026-06-18T014624_0000,14,14,0,1,0,0,1,10,3,5,jfbp_signal_watcher_v3_analytics
2026-06-18T01:51:31+00:00,2026-06-18T015127_0000,14,14,0,1,0,0,1,10,3,5,jfbp_signal_watcher_v3_analytics
2026-06-18T01:56:35+00:00,2026-06-18T015631_0000,14,14,0,1,0,0,1,10,3,5,jfbp_signal_watcher_v3_analytics
2026-06-18T02:01:42+00:00,2026-06-18T020135_0000,14,14,0,1,0,0,1,10,3,5,jfbp_signal_watcher_v3_analytics
2026-06-18T02:06:46+00:00,2026-06-18T020642_0000,14,14,0,1,0,0,1,10,3,5,jfbp_signal_watcher_v3_analytics
2026-06-18T02:11:52+00:00,2026-06-18T021146_0000,14,14,0,1,0,0,1,10,3,5,jfbp_signal_watcher_v3_analytics
2026-06-18T02:16:58+00:00,2026-06-18T021652_0000,14,14,0,1,0,0,1,10,3,5,jfbp_signal_watcher_v3_analytics
2026-06-18T02:22:05+00:00,2026-06-18T022158_0000,14,14,0,1,0,0,1,10,3,5,jfbp_signal_watcher_v3_analytics
2026-06-18T02:27:08+00:00,2026-06-18T022705_0000,14,14,0,1,0,0,1,10,3,5,jfbp_signal_watcher_v3_analytics
2026-06-18T02:32:13+00:00,2026-06-18T023208_0000,14,14,0,1,0,0,1,10,3,5,jfbp_signal_watcher_v3_analytics
2026-06-18T02:37:17+00:00,2026-06-18T023713_0000,14,14,0,1,0,0,1,10,3,5,jfbp_signal_watcher_v3_analytics
2026-06-18T02:42:22+00:00,2026-06-18T024217_0000,14,14,0,1,0,0,1,10,3,5,jfbp_signal_watcher_v3_analytics
2026-06-18T02:47:29+00:00,2026-06-18T024722_0000,14,14,0,1,0,0,1,10,3,5,jfbp_signal_watcher_v3_analytics
2026-06-18T02:52:36+00:00,2026-06-18T025229_0000,14,14,0,1,0,0,1,10,3,5,jfbp_signal_watcher_v3_analytics
2026-06-18T02:57:43+00:00,2026-06-18T025736_0000,14,14,0,1,0,0,1,10,3,5,jfbp_signal_watcher_v3_analytics
2026-06-18T03:02:49+00:00,2026-06-18T030243_0000,14,14,0,1,0,0,1,10,3,5,jfbp_signal_watcher_v3_analytics
2026-06-18T03:07:51+00:00,2026-06-18T030749_0000,14,14,0,1,0,0,1,10,3,5,jfbp_signal_watcher_v3_analytics
2026-06-18T03:12:54+00:00,2026-06-18T031251_0000,14,14,0,1,0,0,1,10,3,5,jfbp_signal_watcher_v3_analytics
2026-06-18T03:17:59+00:00,2026-06-18T031754_0000,14,14,0,1,0,0,1,10,3,5,jfbp_signal_watcher_v3_analytics
2026-06-18T03:23:01+00:00,2026-06-18T032259_0000,14,14,0,1,0,0,1,10,3,5,jfbp_signal_watcher_v3_analytics
2026-06-18T03:28:03+00:00,2026-06-18T032801_0000,14,14,0,1,0,0,1,10,3,5,jfbp_signal_watcher_v3_analytics
2026-06-18T03:33:06+00:00,2026-06-18T033303_0000,14,14,0,1,0,0,1,10,3,5,jfbp_signal_watcher_v3_analytics
2026-06-18T03:38:09+00:00,2026-06-18T033806_0000,14,14,0,1,0,0,1,10,3,5,jfbp_signal_watcher_v3_analytics
2026-06-18T03:43:11+00:00,2026-06-18T034309_0000,14,14,0,1,0,0,1,10,3,5,jfbp_signal_watcher_v3_analytics
2026-06-18T03:48:16+00:00,2026-06-18T034811_0000,14,14,0,1,0,0,1,10,3,5,jfbp_signal_watcher_v3_analytics
2026-06-18T03:53:20+00:00,2026-06-18T035316_0000,14,14,0,1,0,0,1,10,3,5,jfbp_signal_watcher_v3_analytics
2026-06-18T03:58:23+00:00,2026-06-18T035820_0000,14,14,0,1,0,0,1,10,3,5,jfbp_signal_watcher_v3_analytics
2026-06-18T04:03:25+00:00,2026-06-18T040323_0000,14,14,0,1,0,0,1,10,3,5,jfbp_signal_watcher_v3_analytics
2026-06-18T04:08:30+00:00,2026-06-18T040825_0000,14,14,0,1,0,0,1,10,3,5,jfbp_signal_watcher_v3_analytics
2026-06-18T04:13:32+00:00,2026-06-18T041330_0000,14,14,0,1,0,0,1,10,3,5,jfbp_signal_watcher_v3_analytics
2026-06-18T04:18:34+00:00,2026-06-18T041832_0000,14,14,0,1,0,0,1,10,3,5,jfbp_signal_watcher_v3_analytics
2026-06-18T04:23:36+00:00,2026-06-18T042334_0000,14,14,0,1,0,0,1,10,3,5,jfbp_signal_watcher_v3_analytics
2026-06-18T04:28:38+00:00,2026-06-18T042836_0000,14,14,0,1,0,0,1,10,3,5,jfbp_signal_watcher_v3_analytics
2026-06-18T04:33:41+00:00,2026-06-18T043338_0000,14,14,0,1,0,0,1,10,3,5,jfbp_signal_watcher_v3_analytics
2026-06-18T04:38:44+00:00,2026-06-18T043841_0000,14,14,0,1,0,0,1,10,3,5,jfbp_signal_watcher_v3_analytics
2026-06-18T04:43:47+00:00,2026-06-18T044344_0000,14,14,0,1,0,0,1,10,3,5,jfbp_signal_watcher_v3_analytics
2026-06-18T04:48:51+00:00,2026-06-18T044847_0000,14,14,0,1,0,0,1,10,3,5,jfbp_signal_watcher_v3_analytics
2026-06-18T04:53:53+00:00,2026-06-18T045351_0000,14,14,0,1,0,0,1,10,3,5,jfbp_signal_watcher_v3_analytics
2026-06-18T04:58:56+00:00,2026-06-18T045853_0000,14,14,0,1,0,0,1,10,3,5,jfbp_signal_watcher_v3_analytics
2026-06-18T05:03:58+00:00,2026-06-18T050356_0000,14,14,0,1,0,0,1,10,3,5,jfbp_signal_watcher_v3_analytics
2026-06-18T11:45:49+00:00,2026-06-18T114547_0000,14,14,0,1,0,0,1,10,3,5,jfbp_signal_watcher_v3_analytics
2026-06-18T13:12:35+00:00,2026-06-18T131230_0000,14,14,0,1,0,0,1,10,3,5,jfbp_signal_watcher_v3_analytics
2026-06-18T13:17:37+00:00,2026-06-18T131735_0000,14,14,0,1,0,0,1,10,3,5,jfbp_signal_watcher_v3_analytics
2026-06-18T13:22:40+00:00,2026-06-18T132237_0000,14,14,0,1,0,0,1,10,3,5,jfbp_signal_watcher_v3_analytics
2026-06-18T13:27:43+00:00,2026-06-18T132740_0000,14,14,0,1,0,0,1,10,3,5,jfbp_signal_watcher_v3_analytics
2026-06-18T13:32:45+00:00,2026-06-18T133243_0000,14,14,1,1,0,0,2,11,1,5,jfbp_signal_watcher_v3_analytics
2026-06-18T13:37:49+00:00,2026-06-18T133745_0000,14,14,0,2,0,0,2,10,2,5,jfbp_signal_watcher_v3_analytics
2026-06-18T13:43:39+00:00,2026-06-18T134249_0000,14,14,0,0,14,0,0,14,0,5,jfbp_signal_watcher_v3_analytics
2026-06-18T13:48:42+00:00,2026-06-18T134839_0000,14,14,1,1,0,0,2,9,3,5,jfbp_signal_watcher_v3_analytics
2026-06-18T13:53:47+00:00,2026-06-18T135342_0000,14,14,0,2,0,0,2,10,2,5,jfbp_signal_watcher_v3_analytics
2026-06-18T13:58:51+00:00,2026-06-18T135847_0000,14,14,0,1,0,0,1,11,2,5,jfbp_signal_watcher_v3_analytics
2026-06-18T14:03:53+00:00,2026-06-18T140351_0000,14,14,0,0,0,0,0,13,1,5,jfbp_signal_watcher_v3_analytics
2026-06-18T14:08:57+00:00,2026-06-18T140853_0000,14,14,0,0,0,0,0,13,1,5,jfbp_signal_watcher_v3_analytics
2026-06-18T14:14:00+00:00,2026-06-18T141357_0000,14,14,0,0,0,0,0,13,1,5,jfbp_signal_watcher_v3_analytics
2026-06-18T14:19:03+00:00,2026-06-18T141900_0000,14,14,0,0,0,0,0,14,0,5,jfbp_signal_watcher_v3_analytics
2026-06-18T14:24:08+00:00,2026-06-18T142403_0000,14,14,0,0,0,0,0,13,1,5,jfbp_signal_watcher_v3_analytics
2026-06-18T14:29:13+00:00,2026-06-18T142908_0000,14,14,0,0,0,0,0,13,1,5,jfbp_signal_watcher_v3_analytics
2026-06-18T14:34:16+00:00,2026-06-18T143413_0000,14,14,0,0,0,0,0,13,1,5,jfbp_signal_watcher_v3_analytics
2026-06-18T14:39:20+00:00,2026-06-18T143916_0000,14,14,0,0,0,0,0,13,1,5,jfbp_signal_watcher_v3_analytics
2026-06-18T14:44:22+00:00,2026-06-18T144420_0000,14,14,0,0,0,0,0,13,1,5,jfbp_signal_watcher_v3_analytics
2026-06-18T14:49:29+00:00,2026-06-18T144922_0000,14,14,0,0,0,0,0,13,1,5,jfbp_signal_watcher_v3_analytics
2026-06-18T14:54:34+00:00,2026-06-18T145429_0000,14,14,0,1,0,0,1,12,1,5,jfbp_signal_watcher_v3_analytics
2026-06-18T14:59:41+00:00,2026-06-18T145934_0000,14,14,0,1,0,0,1,12,1,5,jfbp_signal_watcher_v3_analytics
2026-06-18T15:04:44+00:00,2026-06-18T150441_0000,14,14,0,1,0,0,1,12,1,5,jfbp_signal_watcher_v3_analytics
2026-06-18T15:09:48+00:00,2026-06-18T150944_0000,14,14,0,1,0,0,1,12,1,5,jfbp_signal_watcher_v3_analytics
2026-06-18T15:14:51+00:00,2026-06-18T151448_0000,14,14,0,1,0,0,1,12,1,5,jfbp_signal_watcher_v3_analytics
2026-06-18T15:19:54+00:00,2026-06-18T151951_0000,14,14,0,1,0,0,1,12,1,5,jfbp_signal_watcher_v3_analytics
2026-06-18T15:24:56+00:00,2026-06-18T152454_0000,14,14,0,1,0,0,1,12,1,5,jfbp_signal_watcher_v3_analytics
2026-06-18T15:29:59+00:00,2026-06-18T152957_0000,14,14,0,0,0,0,0,13,1,5,jfbp_signal_watcher_v3_analytics
2026-06-18T15:35:03+00:00,2026-06-18T153459_0000,14,14,0,1,0,0,1,12,1,5,jfbp_signal_watcher_v3_analytics
2026-06-18T15:40:08+00:00,2026-06-18T154003_0000,14,14,0,0,0,0,0,13,1,5,jfbp_signal_watcher_v3_analytics
2026-06-18T15:45:10+00:00,2026-06-18T154508_0000,14,14,0,0,0,0,0,13,1,5,jfbp_signal_watcher_v3_analytics
2026-06-18T15:50:15+00:00,2026-06-18T155010_0000,14,14,0,0,0,0,0,13,1,5,jfbp_signal_watcher_v3_analytics
2026-06-18T15:55:22+00:00,2026-06-18T155515_0000,14,14,0,0,0,0,0,13,1,5,jfbp_signal_watcher_v3_analytics
2026-06-18T16:00:24+00:00,2026-06-18T160022_0000,14,14,0,1,0,0,1,12,1,5,jfbp_signal_watcher_v3_analytics
2026-06-18T16:05:31+00:00,2026-06-18T160524_0000,14,14,0,0,0,0,0,13,1,5,jfbp_signal_watcher_v3_analytics
2026-06-18T16:10:35+00:00,2026-06-18T161031_0000,14,14,0,1,0,0,1,12,1,5,jfbp_signal_watcher_v3_analytics
2026-06-18T16:15:38+00:00,2026-06-18T161535_0000,14,14,0,1,0,0,1,12,1,5,jfbp_signal_watcher_v3_analytics
2026-06-18T16:20:43+00:00,2026-06-18T162038_0000,14,14,0,1,0,0,1,12,1,5,jfbp_signal_watcher_v3_analytics
2026-06-18T16:25:47+00:00,2026-06-18T162543_0000,14,14,0,1,0,0,1,12,1,5,jfbp_signal_watcher_v3_analytics
2026-06-18T16:30:51+00:00,2026-06-18T163047_0000,14,14,0,0,0,0,0,13,1,5,jfbp_signal_watcher_v3_analytics
2026-06-18T16:35:55+00:00,2026-06-18T163551_0000,14,14,0,0,0,0,0,14,0,5,jfbp_signal_watcher_v3_analytics
2026-06-18T16:40:58+00:00,2026-06-18T164055_0000,14,14,0,0,0,0,0,14,0,5,jfbp_signal_watcher_v3_analytics
2026-06-18T16:46:03+00:00,2026-06-18T164558_0000,14,14,0,0,0,0,0,14,0,5,jfbp_signal_watcher_v3_analytics
2026-06-18T16:51:07+00:00,2026-06-18T165103_0000,14,14,0,0,0,0,0,14,0,5,jfbp_signal_watcher_v3_analytics
2026-06-18T16:56:16+00:00,2026-06-18T165607_0000,14,14,0,0,0,0,0,14,0,5,jfbp_signal_watcher_v3_analytics
2026-06-18T17:01:20+00:00,2026-06-18T170116_0000,14,14,0,0,0,0,0,14,0,5,jfbp_signal_watcher_v3_analytics
2026-06-18T17:06:25+00:00,2026-06-18T170620_0000,14,14,0,0,0,0,0,14,0,5,jfbp_signal_watcher_v3_analytics
2026-06-18T17:11:31+00:00,2026-06-18T171125_0000,14,14,0,0,0,0,0,14,0,5,jfbp_signal_watcher_v3_analytics
2026-06-18T17:16:35+00:00,2026-06-18T171631_0000,14,14,0,0,0,0,0,14,0,5,jfbp_signal_watcher_v3_analytics
2026-06-18T17:21:40+00:00,2026-06-18T172135_0000,14,14,0,0,0,0,0,14,0,5,jfbp_signal_watcher_v3_analytics
2026-06-18T17:26:44+00:00,2026-06-18T172640_0000,14,14,0,0,0,0,0,14,0,5,jfbp_signal_watcher_v3_analytics
2026-06-18T17:31:49+00:00,2026-06-18T173144_0000,14,14,0,0,0,0,0,14,0,5,jfbp_signal_watcher_v3_analytics
2026-06-18T17:36:56+00:00,2026-06-18T173649_0000,14,14,0,0,0,0,0,14,0,5,jfbp_signal_watcher_v3_analytics
2026-06-18T17:41:59+00:00,2026-06-18T174156_0000,14,14,0,0,0,0,0,14,0,5,jfbp_signal_watcher_v3_analytics
2026-06-18T17:47:04+00:00,2026-06-18T174659_0000,14,14,0,0,0,0,0,14,0,5,jfbp_signal_watcher_v3_analytics
2026-06-18T17:52:09+00:00,2026-06-18T175204_0000,14,14,0,0,0,0,0,14,0,5,jfbp_signal_watcher_v3_analytics
2026-06-18T17:57:18+00:00,2026-06-18T175709_0000,14,14,0,0,0,0,0,14,0,5,jfbp_signal_watcher_v3_analytics
2026-06-18T18:02:24+00:00,2026-06-18T180218_0000,14,14,0,0,0,0,0,14,0,5,jfbp_signal_watcher_v3_analytics
2026-06-18T18:07:29+00:00,2026-06-18T180724_0000,14,14,0,0,0,0,0,13,1,5,jfbp_signal_watcher_v3_analytics
2026-06-18T18:12:33+00:00,2026-06-18T181229_0000,14,14,0,0,0,0,0,14,0,5,jfbp_signal_watcher_v3_analytics
2026-06-18T18:17:38+00:00,2026-06-18T181733_0000,14,14,0,0,0,0,0,13,1,5,jfbp_signal_watcher_v3_analytics
2026-06-18T18:22:43+00:00,2026-06-18T182238_0000,14,14,0,0,0,0,0,13,1,5,jfbp_signal_watcher_v3_analytics
2026-06-18T18:27:46+00:00,2026-06-18T182743_0000,14,14,0,0,0,0,0,13,1,5,jfbp_signal_watcher_v3_analytics
2026-06-18T18:32:49+00:00,2026-06-18T183246_0000,14,14,0,0,0,0,0,13,1,5,jfbp_signal_watcher_v3_analytics
2026-06-18T18:37:53+00:00,2026-06-18T183749_0000,14,14,0,0,0,0,0,13,1,5,jfbp_signal_watcher_v3_analytics
2026-06-18T18:42:55+00:00,2026-06-18T184253_0000,14,14,0,0,0,0,0,13,1,5,jfbp_signal_watcher_v3_analytics
2026-06-18T18:48:00+00:00,2026-06-18T184755_0000,14,14,0,0,0,0,0,13,1,5,jfbp_signal_watcher_v3_analytics
2026-06-18T18:53:07+00:00,2026-06-18T185300_0000,14,14,0,0,0,0,0,13,1,5,jfbp_signal_watcher_v3_analytics
2026-06-18T18:58:14+00:00,2026-06-18T185807_0000,14,14,0,0,0,0,0,13,1,5,jfbp_signal_watcher_v3_analytics
2026-06-18T19:03:17+00:00,2026-06-18T190314_0000,14,14,0,0,0,0,0,13,1,5,jfbp_signal_watcher_v3_analytics
2026-06-18T19:08:19+00:00,2026-06-18T190817_0000,14,14,0,0,0,0,0,13,1,5,jfbp_signal_watcher_v3_analytics
2026-06-18T19:13:22+00:00,2026-06-18T191319_0000,14,14,0,0,0,0,0,13,1,5,jfbp_signal_watcher_v3_analytics
2026-06-18T19:18:25+00:00,2026-06-18T191822_0000,14,14,0,0,0,0,0,13,1,5,jfbp_signal_watcher_v3_analytics
2026-06-18T19:25:02+00:00,2026-06-18T192325_0000,14,14,0,0,14,0,0,14,0,5,jfbp_signal_watcher_v3_analytics
2026-06-18T19:30:11+00:00,2026-06-18T193002_0000,14,14,0,0,0,0,0,13,1,5,jfbp_signal_watcher_v3_analytics
2026-06-18T19:35:23+00:00,2026-06-18T193512_0000,14,14,0,0,0,0,0,13,1,5,jfbp_signal_watcher_v3_analytics
2026-06-18T19:40:33+00:00,2026-06-18T194023_0000,14,14,0,0,0,0,0,13,1,5,jfbp_signal_watcher_v3_analytics
2026-06-18T19:45:42+00:00,2026-06-18T194533_0000,14,14,0,0,0,0,0,13,1,5,jfbp_signal_watcher_v3_analytics
2026-06-18T19:50:49+00:00,2026-06-18T195042_0000,14,14,0,0,0,0,0,14,0,5,jfbp_signal_watcher_v3_analytics
2026-06-18T19:56:01+00:00,2026-06-18T195549_0000,14,14,0,0,0,0,0,14,0,5,jfbp_signal_watcher_v3_analytics
2026-06-18T20:01:13+00:00,2026-06-18T200101_0000,14,14,0,0,0,0,0,14,0,5,jfbp_signal_watcher_v3_analytics
2026-06-18T20:06:16+00:00,2026-06-18T200613_0000,14,14,0,0,0,0,0,14,0,5,jfbp_signal_watcher_v3_analytics
2026-06-18T20:11:19+00:00,2026-06-18T201116_0000,14,14,0,0,0,0,0,14,0,5,jfbp_signal_watcher_v3_analytics
2026-06-18T20:16:23+00:00,2026-06-18T201619_0000,14,14,0,0,0,0,0,14,0,5,jfbp_signal_watcher_v3_analytics
2026-06-18T20:21:28+00:00,2026-06-18T202123_0000,14,14,0,0,0,0,0,14,0,5,jfbp_signal_watcher_v3_analytics
2026-06-18T20:26:32+00:00,2026-06-18T202628_0000,14,14,0,0,0,0,0,14,0,5,jfbp_signal_watcher_v3_analytics
2026-06-18T20:31:35+00:00,2026-06-18T203132_0000,14,14,0,0,0,0,0,14,0,5,jfbp_signal_watcher_v3_analytics
2026-06-18T20:36:39+00:00,2026-06-18T203635_0000,14,14,0,0,0,0,0,14,0,5,jfbp_signal_watcher_v3_analytics
2026-06-18T20:41:41+00:00,2026-06-18T204139_0000,14,14,0,0,0,0,0,14,0,5,jfbp_signal_watcher_v3_analytics
2026-06-18T20:46:43+00:00,2026-06-18T204641_0000,14,14,0,0,0,0,0,14,0,5,jfbp_signal_watcher_v3_analytics
2026-06-18T20:51:47+00:00,2026-06-18T205143_0000,14,14,0,0,0,0,0,14,0,5,jfbp_signal_watcher_v3_analytics
2026-06-18T20:56:49+00:00,2026-06-18T205647_0000,14,14,0,0,0,0,0,14,0,5,jfbp_signal_watcher_v3_analytics
2026-06-18T21:01:58+00:00,2026-06-18T210149_0000,14,14,0,0,0,0,0,14,0,5,jfbp_signal_watcher_v3_analytics
2026-06-18T21:07:07+00:00,2026-06-18T210658_0000,14,14,0,0,0,0,0,14,0,5,jfbp_signal_watcher_v3_analytics
2026-06-18T21:12:09+00:00,2026-06-18T211207_0000,14,14,0,0,0,0,0,14,0,5,jfbp_signal_watcher_v3_analytics
2026-06-18T21:17:11+00:00,2026-06-18T211709_0000,14,14,0,0,0,0,0,14,0,5,jfbp_signal_watcher_v3_analytics
2026-06-18T21:22:13+00:00,2026-06-18T212211_0000,14,14,0,0,0,0,0,14,0,5,jfbp_signal_watcher_v3_analytics
2026-06-18T21:27:14+00:00,2026-06-18T212713_0000,14,14,0,0,0,0,0,14,0,5,jfbp_signal_watcher_v3_analytics
2026-06-18T21:32:18+00:00,2026-06-18T213214_0000,14,14,0,0,0,0,0,14,0,5,jfbp_signal_watcher_v3_analytics
2026-06-18T21:37:29+00:00,2026-06-18T213718_0000,14,14,0,0,0,0,0,14,0,5,jfbp_signal_watcher_v3_analytics
2026-06-18T21:42:31+00:00,2026-06-18T214229_0000,14,14,0,0,0,0,0,14,0,5,jfbp_signal_watcher_v3_analytics
2026-06-18T21:47:40+00:00,2026-06-18T214731_0000,14,14,0,0,0,0,0,14,0,5,jfbp_signal_watcher_v3_analytics
2026-06-18T21:52:48+00:00,2026-06-18T215240_0000,14,14,0,0,0,0,0,14,0,5,jfbp_signal_watcher_v3_analytics
2026-06-18T21:57:54+00:00,2026-06-18T215748_0000,14,14,0,0,0,0,0,14,0,5,jfbp_signal_watcher_v3_analytics
2026-06-18T22:02:59+00:00,2026-06-18T220254_0000,14,14,0,0,0,0,0,14,0,5,jfbp_signal_watcher_v3_analytics
2026-06-18T22:08:03+00:00,2026-06-18T220759_0000,14,14,0,0,0,0,0,14,0,5,jfbp_signal_watcher_v3_analytics
2026-06-18T22:13:06+00:00,2026-06-18T221303_0000,14,14,0,0,0,0,0,14,0,5,jfbp_signal_watcher_v3_analytics
2026-06-18T22:18:09+00:00,2026-06-18T221806_0000,14,14,0,0,0,0,0,14,0,5,jfbp_signal_watcher_v3_analytics
2026-06-18T22:23:10+00:00,2026-06-18T222309_0000,14,14,0,0,0,0,0,14,0,5,jfbp_signal_watcher_v3_analytics
2026-06-18T22:28:12+00:00,2026-06-18T222810_0000,14,14,0,0,0,0,0,14,0,5,jfbp_signal_watcher_v3_analytics
2026-06-18T22:33:14+00:00,2026-06-18T223312_0000,14,14,0,0,0,0,0,14,0,5,jfbp_signal_watcher_v3_analytics
2026-06-18T22:38:17+00:00,2026-06-18T223814_0000,14,14,0,0,0,0,0,14,0,5,jfbp_signal_watcher_v3_analytics
2026-06-18T22:43:19+00:00,2026-06-18T224317_0000,14,14,0,0,0,0,0,14,0,5,jfbp_signal_watcher_v3_analytics
2026-06-18T22:48:24+00:00,2026-06-18T224819_0000,14,14,0,0,0,0,0,14,0,5,jfbp_signal_watcher_v3_analytics
2026-06-18T22:53:30+00:00,2026-06-18T225324_0000,14,14,0,0,0,0,0,14,0,5,jfbp_signal_watcher_v3_analytics
2026-06-18T22:58:32+00:00,2026-06-18T225830_0000,14,14,0,0,0,0,0,14,0,5,jfbp_signal_watcher_v3_analytics
2026-06-18T23:03:37+00:00,2026-06-18T230332_0000,14,14,0,0,0,0,0,14,0,5,jfbp_signal_watcher_v3_analytics
2026-06-18T23:09:48+00:00,2026-06-18T230838_0000,14,14,0,0,14,0,0,14,0,5,jfbp_signal_watcher_v3_analytics
2026-06-18T23:14:52+00:00,2026-06-18T231448_0000,14,14,0,0,0,0,0,14,0,5,jfbp_signal_watcher_v3_analytics
2026-06-18T23:19:58+00:00,2026-06-18T231952_0000,14,14,0,0,0,0,0,14,0,5,jfbp_signal_watcher_v3_analytics
2026-06-18T23:24:59+00:00,2026-06-18T232458_0000,14,14,0,0,0,0,0,14,0,5,jfbp_signal_watcher_v3_analytics
2026-06-18T23:30:01+00:00,2026-06-18T232959_0000,14,14,0,0,0,0,0,14,0,5,jfbp_signal_watcher_v3_analytics
2026-06-18T23:35:03+00:00,2026-06-18T233501_0000,14,14,0,0,0,0,0,14,0,5,jfbp_signal_watcher_v3_analytics
2026-06-18T23:40:08+00:00,2026-06-18T234003_0000,14,14,0,0,0,0,0,14,0,5,jfbp_signal_watcher_v3_analytics
2026-06-18T23:45:10+00:00,2026-06-18T234508_0000,14,14,0,0,0,0,0,14,0,5,jfbp_signal_watcher_v3_analytics
2026-06-18T23:50:12+00:00,2026-06-18T235010_0000,14,14,0,0,0,0,0,14,0,5,jfbp_signal_watcher_v3_analytics
2026-06-18T23:56:04+00:00,2026-06-18T235512_0000,14,14,0,0,0,0,0,14,0,5,jfbp_signal_watcher_v3_analytics
2026-06-19T00:01:49+00:00,2026-06-19T000104_0000,14,14,0,0,0,0,0,14,0,5,jfbp_signal_watcher_v3_analytics
2026-06-19T00:07:23+00:00,2026-06-19T000649_0000,14,14,0,0,0,0,0,14,0,5,jfbp_signal_watcher_v3_analytics
2026-06-19T00:12:30+00:00,2026-06-19T001223_0000,14,14,0,0,0,0,0,14,0,5,jfbp_signal_watcher_v3_analytics
2026-06-19T00:17:31+00:00,2026-06-19T001730_0000,14,14,0,0,0,0,0,14,0,5,jfbp_signal_watcher_v3_analytics
2026-06-19T00:22:33+00:00,2026-06-19T002231_0000,14,14,0,0,0,0,0,14,0,5,jfbp_signal_watcher_v3_analytics
2026-06-19T00:27:39+00:00,2026-06-19T002733_0000,14,14,0,0,0,0,0,14,0,5,jfbp_signal_watcher_v3_analytics
2026-06-19T00:32:42+00:00,2026-06-19T003239_0000,14,14,0,0,0,0,0,14,0,5,jfbp_signal_watcher_v3_analytics
2026-06-19T00:37:47+00:00,2026-06-19T003742_0000,14,14,0,0,0,0,0,14,0,5,jfbp_signal_watcher_v3_analytics
2026-06-19T00:42:52+00:00,2026-06-19T004247_0000,14,14,0,0,0,0,0,14,0,5,jfbp_signal_watcher_v3_analytics
2026-06-19T00:47:55+00:00,2026-06-19T004752_0000,14,14,0,0,0,0,0,14,0,5,jfbp_signal_watcher_v3_analytics
2026-06-19T00:53:00+00:00,2026-06-19T005255_0000,14,14,0,0,0,0,0,14,0,5,jfbp_signal_watcher_v3_analytics
2026-06-19T00:58:06+00:00,2026-06-19T005800_0000,14,14,0,0,0,0,0,14,0,5,jfbp_signal_watcher_v3_analytics
2026-06-19T01:03:12+00:00,2026-06-19T010306_0000,14,14,0,0,0,0,0,14,0,5,jfbp_signal_watcher_v3_analytics
2026-06-19T01:08:18+00:00,2026-06-19T010812_0000,14,14,0,0,0,0,0,14,0,5,jfbp_signal_watcher_v3_analytics
2026-06-19T01:13:21+00:00,2026-06-19T011318_0000,14,14,0,0,0,0,0,14,0,5,jfbp_signal_watcher_v3_analytics
2026-06-19T01:19:07+00:00,2026-06-19T011821_0000,14,14,0,0,0,0,0,14,0,5,jfbp_signal_watcher_v3_analytics
2026-06-19T01:25:04+00:00,2026-06-19T012407_0000,14,14,0,0,0,0,0,14,0,5,jfbp_signal_watcher_v3_analytics
2026-06-19T01:30:54+00:00,2026-06-19T013004_0000,14,14,0,0,0,0,0,14,0,5,jfbp_signal_watcher_v3_analytics
2026-06-19T01:35:57+00:00,2026-06-19T013554_0000,14,14,0,0,0,0,0,14,0,5,jfbp_signal_watcher_v3_analytics
2026-06-19T01:40:59+00:00,2026-06-19T014057_0000,14,14,0,0,0,0,0,14,0,5,jfbp_signal_watcher_v3_analytics
2026-06-19T01:46:05+00:00,2026-06-19T014559_0000,14,14,0,0,0,0,0,14,0,5,jfbp_signal_watcher_v3_analytics
2026-06-19T01:51:07+00:00,2026-06-19T015105_0000,14,14,0,0,0,0,0,14,0,5,jfbp_signal_watcher_v3_analytics
2026-06-19T01:56:09+00:00,2026-06-19T015607_0000,14,14,0,0,0,0,0,14,0,5,jfbp_signal_watcher_v3_analytics
2026-06-19T02:01:11+00:00,2026-06-19T020109_0000,14,14,0,0,0,0,0,14,0,5,jfbp_signal_watcher_v3_analytics
2026-06-19T02:06:13+00:00,2026-06-19T020611_0000,14,14,0,0,0,0,0,14,0,5,jfbp_signal_watcher_v3_analytics
2026-06-19T02:11:18+00:00,2026-06-19T021113_0000,14,14,0,0,0,0,0,14,0,5,jfbp_signal_watcher_v3_analytics
2026-06-19T02:16:20+00:00,2026-06-19T021618_0000,14,14,0,0,0,0,0,14,0,5,jfbp_signal_watcher_v3_analytics
2026-06-19T02:21:23+00:00,2026-06-19T022120_0000,14,14,0,0,0,0,0,14,0,5,jfbp_signal_watcher_v3_analytics
2026-06-19T02:26:25+00:00,2026-06-19T022623_0000,14,14,0,0,0,0,0,14,0,5,jfbp_signal_watcher_v3_analytics
2026-06-19T02:31:28+00:00,2026-06-19T023125_0000,14,14,0,0,0,0,0,14,0,5,jfbp_signal_watcher_v3_analytics
2026-06-19T02:36:31+00:00,2026-06-19T023628_0000,14,14,0,0,0,0,0,14,0,5,jfbp_signal_watcher_v3_analytics
2026-06-19T02:41:33+00:00,2026-06-19T024131_0000,14,14,0,0,0,0,0,14,0,5,jfbp_signal_watcher_v3_analytics
2026-06-19T02:46:39+00:00,2026-06-19T024633_0000,14,14,0,0,0,0,0,14,0,5,jfbp_signal_watcher_v3_analytics
2026-06-19T02:51:45+00:00,2026-06-19T025139_0000,14,14,0,0,0,0,0,14,0,5,jfbp_signal_watcher_v3_analytics
2026-06-19T02:56:52+00:00,2026-06-19T025645_0000,14,14,0,0,0,0,0,14,0,5,jfbp_signal_watcher_v3_analytics
2026-06-19T03:01:56+00:00,2026-06-19T030152_0000,14,14,0,0,0,0,0,14,0,5,jfbp_signal_watcher_v3_analytics
2026-06-19T03:06:58+00:00,2026-06-19T030656_0000,14,14,0,0,0,0,0,14,0,5,jfbp_signal_watcher_v3_analytics
2026-06-19T03:12:00+00:00,2026-06-19T031158_0000,14,14,0,0,0,0,0,14,0,5,jfbp_signal_watcher_v3_analytics
2026-06-19T03:17:05+00:00,2026-06-19T031700_0000,14,14,0,0,0,0,0,14,0,5,jfbp_signal_watcher_v3_analytics
2026-06-19T03:22:08+00:00,2026-06-19T032205_0000,14,14,0,0,0,0,0,14,0,5,jfbp_signal_watcher_v3_analytics
2026-06-19T03:27:11+00:00,2026-06-19T032708_0000,14,14,0,0,0,0,0,14,0,5,jfbp_signal_watcher_v3_analytics
2026-06-19T03:32:15+00:00,2026-06-19T033211_0000,14,14,0,0,0,0,0,14,0,5,jfbp_signal_watcher_v3_analytics
2026-06-19T03:37:17+00:00,2026-06-19T033715_0000,14,14,0,0,0,0,0,14,0,5,jfbp_signal_watcher_v3_analytics
2026-06-19T03:42:24+00:00,2026-06-19T034217_0000,14,14,0,0,0,0,0,14,0,5,jfbp_signal_watcher_v3_analytics
2026-06-19T03:47:28+00:00,2026-06-19T034724_0000,14,14,0,0,0,0,0,14,0,5,jfbp_signal_watcher_v3_analytics
2026-06-19T03:52:31+00:00,2026-06-19T035228_0000,14,14,0,0,0,0,0,14,0,5,jfbp_signal_watcher_v3_analytics
2026-06-19T03:57:37+00:00,2026-06-19T035731_0000,14,14,0,0,0,0,0,14,0,5,jfbp_signal_watcher_v3_analytics
2026-06-19T04:02:41+00:00,2026-06-19T040237_0000,14,14,0,1,0,0,1,10,3,5,jfbp_signal_watcher_v3_analytics
2026-06-19T04:07:44+00:00,2026-06-19T040741_0000,14,14,0,1,0,0,1,10,3,5,jfbp_signal_watcher_v3_analytics
2026-06-19T04:12:50+00:00,2026-06-19T041248_0000,14,14,0,1,0,0,1,10,3,5,jfbp_signal_watcher_v3_analytics
2026-06-19T11:23:06+00:00,2026-06-19T112305_0000,14,14,0,1,0,0,1,10,3,5,jfbp_signal_watcher_v3_analytics
2026-06-19T11:28:08+00:00,2026-06-19T112806_0000,14,14,0,1,0,0,1,10,3,5,jfbp_signal_watcher_v3_analytics
2026-06-19T11:33:10+00:00,2026-06-19T113308_0000,14,14,0,1,0,0,1,10,3,5,jfbp_signal_watcher_v3_analytics
2026-06-19T11:38:12+00:00,2026-06-19T113810_0000,14,14,0,1,0,0,1,10,3,5,jfbp_signal_watcher_v3_analytics
2026-06-19T11:43:14+00:00,2026-06-19T114312_0000,14,14,0,1,0,0,1,10,3,5,jfbp_signal_watcher_v3_analytics
2026-06-19T11:48:16+00:00,2026-06-19T114814_0000,14,14,0,1,0,0,1,10,3,5,jfbp_signal_watcher_v3_analytics
2026-06-19T11:53:18+00:00,2026-06-19T115316_0000,14,14,0,1,0,0,1,10,3,5,jfbp_signal_watcher_v3_analytics
2026-06-19T11:58:20+00:00,2026-06-19T115818_0000,14,14,0,1,0,0,1,10,3,5,jfbp_signal_watcher_v3_analytics
2026-06-19T12:03:25+00:00,2026-06-19T120320_0000,14,14,0,1,0,0,1,10,3,5,jfbp_signal_watcher_v3_analytics
2026-06-19T12:08:30+00:00,2026-06-19T120825_0000,14,14,0,1,0,0,1,10,3,5,jfbp_signal_watcher_v3_analytics
2026-06-19T12:13:33+00:00,2026-06-19T121330_0000,14,14,0,1,0,0,1,10,3,5,jfbp_signal_watcher_v3_analytics
2026-06-19T12:18:35+00:00,2026-06-19T121833_0000,14,14,0,1,0,0,1,10,3,5,jfbp_signal_watcher_v3_analytics
2026-06-19T12:23:37+00:00,2026-06-19T122335_0000,14,14,0,1,0,0,1,10,3,5,jfbp_signal_watcher_v3_analytics
2026-06-19T12:28:39+00:00,2026-06-19T122837_0000,14,14,0,1,0,0,1,10,3,5,jfbp_signal_watcher_v3_analytics
2026-06-19T12:33:41+00:00,2026-06-19T123339_0000,14,14,0,1,0,0,1,10,3,5,jfbp_signal_watcher_v3_analytics
2026-06-19T12:38:44+00:00,2026-06-19T123841_0000,14,14,0,1,0,0,1,10,3,5,jfbp_signal_watcher_v3_analytics
2026-06-19T12:43:48+00:00,2026-06-19T124344_0000,14,14,0,1,0,0,1,10,3,5,jfbp_signal_watcher_v3_analytics
2026-06-19T12:48:53+00:00,2026-06-19T124848_0000,14,14,0,1,0,0,1,10,3,5,jfbp_signal_watcher_v3_analytics
2026-06-19T12:53:55+00:00,2026-06-19T125353_0000,14,14,0,1,0,0,1,10,3,5,jfbp_signal_watcher_v3_analytics
2026-06-19T12:58:57+00:00,2026-06-19T125855_0000,14,14,0,1,0,0,1,10,3,5,jfbp_signal_watcher_v3_analytics
2026-06-19T13:03:59+00:00,2026-06-19T130357_0000,14,14,0,1,0,0,1,10,3,5,jfbp_signal_watcher_v3_analytics
2026-06-19T13:09:01+00:00,2026-06-19T130859_0000,14,14,0,1,0,0,1,10,3,5,jfbp_signal_watcher_v3_analytics
2026-06-19T13:14:03+00:00,2026-06-19T131401_0000,14,14,0,1,0,0,1,10,3,5,jfbp_signal_watcher_v3_analytics
2026-06-19T13:19:08+00:00,2026-06-19T131903_0000,14,14,0,1,0,0,1,10,3,5,jfbp_signal_watcher_v3_analytics
2026-06-19T13:24:11+00:00,2026-06-19T132408_0000,14,14,0,1,0,0,1,10,3,5,jfbp_signal_watcher_v3_analytics
2026-06-19T13:29:13+00:00,2026-06-19T132911_0000,14,14,0,1,0,0,1,10,3,5,jfbp_signal_watcher_v3_analytics
2026-06-19T13:34:16+00:00,2026-06-19T133413_0000,14,14,0,1,0,0,1,10,3,5,jfbp_signal_watcher_v3_analytics
2026-06-19T13:39:18+00:00,2026-06-19T133916_0000,14,14,0,1,0,0,1,10,3,5,jfbp_signal_watcher_v3_analytics
2026-06-19T13:44:20+00:00,2026-06-19T134418_0000,14,14,0,1,0,0,1,10,3,5,jfbp_signal_watcher_v3_analytics
2026-06-19T13:49:23+00:00,2026-06-19T134920_0000,14,14,0,1,0,0,1,10,3,5,jfbp_signal_watcher_v3_analytics
2026-06-19T13:54:25+00:00,2026-06-19T135423_0000,14,14,0,1,0,0,1,10,3,5,jfbp_signal_watcher_v3_analytics
2026-06-19T13:59:27+00:00,2026-06-19T135925_0000,14,14,0,1,0,0,1,10,3,5,jfbp_signal_watcher_v3_analytics
2026-06-19T14:04:29+00:00,2026-06-19T140427_0000,14,14,0,1,0,0,1,10,3,5,jfbp_signal_watcher_v3_analytics
2026-06-19T14:09:31+00:00,2026-06-19T140929_0000,14,14,0,1,0,0,1,10,3,5,jfbp_signal_watcher_v3_analytics
2026-06-19T14:14:34+00:00,2026-06-19T141431_0000,14,14,0,1,0,0,1,10,3,5,jfbp_signal_watcher_v3_analytics
2026-06-19T14:19:36+00:00,2026-06-19T141934_0000,14,14,0,1,0,0,1,10,3,5,jfbp_signal_watcher_v3_analytics
2026-06-19T14:24:38+00:00,2026-06-19T142436_0000,14,14,0,1,0,0,1,10,3,5,jfbp_signal_watcher_v3_analytics
2026-06-19T14:29:42+00:00,2026-06-19T142938_0000,14,14,0,1,0,0,1,10,3,5,jfbp_signal_watcher_v3_analytics
2026-06-19T14:34:45+00:00,2026-06-19T143442_0000,14,14,0,1,0,0,1,10,3,5,jfbp_signal_watcher_v3_analytics
2026-06-19T14:39:49+00:00,2026-06-19T143945_0000,14,14,0,1,0,0,1,10,3,5,jfbp_signal_watcher_v3_analytics
2026-06-19T14:44:54+00:00,2026-06-19T144449_0000,14,14,0,1,0,0,1,10,3,5,jfbp_signal_watcher_v3_analytics
2026-06-19T14:49:57+00:00,2026-06-19T144954_0000,14,14,0,1,0,0,1,10,3,5,jfbp_signal_watcher_v3_analytics
2026-06-19T14:54:59+00:00,2026-06-19T145457_0000,14,14,0,1,0,0,1,10,3,5,jfbp_signal_watcher_v3_analytics
2026-06-19T15:00:04+00:00,2026-06-19T145959_0000,14,14,0,1,0,0,1,10,3,5,jfbp_signal_watcher_v3_analytics
2026-06-19T15:05:07+00:00,2026-06-19T150504_0000,14,14,0,1,0,0,1,10,3,5,jfbp_signal_watcher_v3_analytics
2026-06-19T15:10:10+00:00,2026-06-19T151007_0000,14,14,0,1,0,0,1,10,3,5,jfbp_signal_watcher_v3_analytics
2026-06-19T15:15:13+00:00,2026-06-19T151510_0000,14,14,0,1,0,0,1,10,3,5,jfbp_signal_watcher_v3_analytics
2026-06-19T15:20:15+00:00,2026-06-19T152013_0000,14,14,0,1,0,0,1,10,3,5,jfbp_signal_watcher_v3_analytics
2026-06-19T15:25:19+00:00,2026-06-19T152515_0000,14,14,0,1,0,0,1,10,3,5,jfbp_signal_watcher_v3_analytics
2026-06-19T15:30:25+00:00,2026-06-19T153019_0000,14,14,0,1,0,0,1,10,3,5,jfbp_signal_watcher_v3_analytics
2026-06-19T15:35:30+00:00,2026-06-19T153525_0000,14,14,0,1,0,0,1,10,3,5,jfbp_signal_watcher_v3_analytics
2026-06-19T15:40:35+00:00,2026-06-19T154030_0000,14,14,0,1,0,0,1,10,3,5,jfbp_signal_watcher_v3_analytics
2026-06-19T15:45:40+00:00,2026-06-19T154535_0000,14,14,0,1,0,0,1,10,3,5,jfbp_signal_watcher_v3_analytics
2026-06-19T15:50:42+00:00,2026-06-19T155040_0000,14,14,0,1,0,0,1,10,3,5,jfbp_signal_watcher_v3_analytics
2026-06-19T15:55:48+00:00,2026-06-19T155542_0000,14,14,0,1,0,0,1,10,3,5,jfbp_signal_watcher_v3_analytics
2026-06-19T16:00:52+00:00,2026-06-19T160048_0000,14,14,0,1,0,0,1,10,3,5,jfbp_signal_watcher_v3_analytics
2026-06-19T16:05:58+00:00,2026-06-19T160552_0000,14,14,0,1,0,0,1,10,3,5,jfbp_signal_watcher_v3_analytics
2026-06-19T16:11:00+00:00,2026-06-19T161058_0000,14,14,0,1,0,0,1,10,3,5,jfbp_signal_watcher_v3_analytics
2026-06-19T16:16:02+00:00,2026-06-19T161600_0000,14,14,0,1,0,0,1,10,3,5,jfbp_signal_watcher_v3_analytics
2026-06-19T16:21:07+00:00,2026-06-19T162102_0000,14,14,0,1,0,0,1,10,3,5,jfbp_signal_watcher_v3_analytics
2026-06-19T16:26:12+00:00,2026-06-19T162607_0000,14,14,0,1,0,0,1,10,3,5,jfbp_signal_watcher_v3_analytics
2026-06-19T16:31:17+00:00,2026-06-19T163112_0000,14,14,0,1,0,0,1,10,3,5,jfbp_signal_watcher_v3_analytics
2026-06-19T16:36:19+00:00,2026-06-19T163617_0000,14,14,0,1,0,0,1,10,3,5,jfbp_signal_watcher_v3_analytics
2026-06-19T16:41:24+00:00,2026-06-19T164119_0000,14,14,0,1,0,0,1,10,3,5,jfbp_signal_watcher_v3_analytics
2026-06-19T16:46:26+00:00,2026-06-19T164624_0000,14,14,0,1,0,0,1,10,3,5,jfbp_signal_watcher_v3_analytics
2026-06-19T16:51:28+00:00,2026-06-19T165126_0000,14,14,0,1,0,0,1,10,3,5,jfbp_signal_watcher_v3_analytics
2026-06-19T16:56:30+00:00,2026-06-19T165628_0000,14,14,0,1,0,0,1,10,3,5,jfbp_signal_watcher_v3_analytics
2026-06-19T17:01:32+00:00,2026-06-19T170130_0000,14,14,0,1,0,0,1,10,3,5,jfbp_signal_watcher_v3_analytics
2026-06-19T17:06:35+00:00,2026-06-19T170632_0000,14,14,0,1,0,0,1,10,3,5,jfbp_signal_watcher_v3_analytics
2026-06-19T17:11:37+00:00,2026-06-19T171135_0000,14,14,0,1,0,0,1,10,3,5,jfbp_signal_watcher_v3_analytics
2026-06-19T17:16:42+00:00,2026-06-19T171637_0000,14,14,0,1,0,0,1,10,3,5,jfbp_signal_watcher_v3_analytics
2026-06-19T17:21:45+00:00,2026-06-19T172142_0000,14,14,0,1,0,0,1,10,3,5,jfbp_signal_watcher_v3_analytics
2026-06-19T17:26:47+00:00,2026-06-19T172645_0000,14,14,0,1,0,0,1,10,3,5,jfbp_signal_watcher_v3_analytics
2026-06-19T17:31:53+00:00,2026-06-19T173147_0000,14,14,0,1,0,0,1,10,3,5,jfbp_signal_watcher_v3_analytics
2026-06-19T17:36:57+00:00,2026-06-19T173653_0000,14,14,0,1,0,0,1,10,3,5,jfbp_signal_watcher_v3_analytics
2026-06-19T17:42:01+00:00,2026-06-19T174157_0000,14,14,0,1,0,0,1,10,3,5,jfbp_signal_watcher_v3_analytics
2026-06-19T17:47:04+00:00,2026-06-19T174701_0000,14,14,0,1,0,0,1,10,3,5,jfbp_signal_watcher_v3_analytics
2026-06-19T17:52:06+00:00,2026-06-19T175204_0000,14,14,0,1,0,0,1,10,3,5,jfbp_signal_watcher_v3_analytics
2026-06-19T17:57:08+00:00,2026-06-19T175706_0000,14,14,0,1,0,0,1,10,3,5,jfbp_signal_watcher_v3_analytics
2026-06-19T18:02:10+00:00,2026-06-19T180208_0000,14,14,0,1,0,0,1,10,3,5,jfbp_signal_watcher_v3_analytics
2026-06-19T18:07:12+00:00,2026-06-19T180710_0000,14,14,0,1,0,0,1,10,3,5,jfbp_signal_watcher_v3_analytics
2026-06-19T18:12:14+00:00,2026-06-19T181212_0000,14,14,0,1,0,0,1,10,3,5,jfbp_signal_watcher_v3_analytics
2026-06-19T18:17:19+00:00,2026-06-19T181714_0000,14,14,0,1,0,0,1,10,3,5,jfbp_signal_watcher_v3_analytics
2026-06-19T18:22:24+00:00,2026-06-19T182219_0000,14,14,0,1,0,0,1,10,3,5,jfbp_signal_watcher_v3_analytics
2026-06-19T18:27:27+00:00,2026-06-19T182724_0000,14,14,0,1,0,0,1,10,3,5,jfbp_signal_watcher_v3_analytics
2026-06-19T18:32:32+00:00,2026-06-19T183227_0000,14,14,0,1,0,0,1,10,3,5,jfbp_signal_watcher_v3_analytics
2026-06-19T18:37:34+00:00,2026-06-19T183732_0000,14,14,0,1,0,0,1,10,3,5,jfbp_signal_watcher_v3_analytics
2026-06-19T18:42:57+00:00,2026-06-19T184234_0000,14,14,0,1,0,0,1,10,3,5,jfbp_signal_watcher_v3_analytics
2026-06-19T18:47:59+00:00,2026-06-19T184757_0000,14,14,0,1,0,0,1,10,3,5,jfbp_signal_watcher_v3_analytics
2026-06-19T18:53:02+00:00,2026-06-19T185259_0000,14,14,0,1,0,0,1,10,3,5,jfbp_signal_watcher_v3_analytics
2026-06-19T18:58:05+00:00,2026-06-19T185802_0000,14,14,0,1,0,0,1,10,3,5,jfbp_signal_watcher_v3_analytics
2026-06-19T19:03:07+00:00,2026-06-19T190305_0000,14,14,0,1,0,0,1,10,3,5,jfbp_signal_watcher_v3_analytics
2026-06-19T19:08:09+00:00,2026-06-19T190807_0000,14,14,0,1,0,0,1,10,3,5,jfbp_signal_watcher_v3_analytics
2026-06-19T19:13:11+00:00,2026-06-19T191309_0000,14,14,0,0,0,0,0,14,0,5,jfbp_signal_watcher_v3_analytics
2026-06-19T19:18:14+00:00,2026-06-19T191811_0000,14,14,0,0,0,0,0,14,0,5,jfbp_signal_watcher_v3_analytics
2026-06-19T19:23:16+00:00,2026-06-19T192314_0000,14,14,0,0,0,0,0,14,0,5,jfbp_signal_watcher_v3_analytics
2026-06-19T19:28:18+00:00,2026-06-19T192816_0000,14,14,0,0,0,0,0,14,0,5,jfbp_signal_watcher_v3_analytics
2026-06-19T19:33:23+00:00,2026-06-19T193318_0000,14,14,0,0,0,0,0,14,0,5,jfbp_signal_watcher_v3_analytics
2026-06-19T19:38:25+00:00,2026-06-19T193823_0000,14,14,0,0,0,0,0,14,0,5,jfbp_signal_watcher_v3_analytics
2026-06-19T19:43:27+00:00,2026-06-19T194325_0000,14,14,0,0,0,0,0,14,0,5,jfbp_signal_watcher_v3_analytics
2026-06-19T19:48:38+00:00,2026-06-19T194827_0000,14,14,0,0,0,0,0,14,0,5,jfbp_signal_watcher_v3_analytics
2026-06-19T19:53:40+00:00,2026-06-19T195338_0000,14,14,0,0,0,0,0,14,0,5,jfbp_signal_watcher_v3_analytics
2026-06-19T19:58:42+00:00,2026-06-19T195840_0000,14,14,0,0,0,0,0,14,0,5,jfbp_signal_watcher_v3_analytics
2026-06-19T20:03:44+00:00,2026-06-19T200342_0000,14,14,0,0,0,0,0,14,0,5,jfbp_signal_watcher_v3_analytics
2026-06-19T20:09:12+00:00,2026-06-19T200844_0000,14,14,0,0,0,0,0,14,0,5,jfbp_signal_watcher_v3_analytics
2026-06-19T20:14:16+00:00,2026-06-19T201412_0000,14,14,0,0,0,0,0,14,0,5,jfbp_signal_watcher_v3_analytics
2026-06-19T20:19:20+00:00,2026-06-19T201916_0000,14,14,0,0,0,0,0,14,0,5,jfbp_signal_watcher_v3_analytics
2026-06-19T20:24:26+00:00,2026-06-19T202420_0000,14,14,0,0,0,0,0,14,0,5,jfbp_signal_watcher_v3_analytics
2026-06-19T20:29:28+00:00,2026-06-19T202926_0000,14,14,0,0,0,0,0,14,0,5,jfbp_signal_watcher_v3_analytics
2026-06-19T20:34:31+00:00,2026-06-19T203428_0000,14,14,0,0,0,0,0,14,0,5,jfbp_signal_watcher_v3_analytics
2026-06-19T20:39:32+00:00,2026-06-19T203931_0000,14,14,0,0,0,0,0,14,0,5,jfbp_signal_watcher_v3_analytics
2026-06-19T20:44:36+00:00,2026-06-19T204432_0000,14,14,0,0,0,0,0,14,0,5,jfbp_signal_watcher_v3_analytics
2026-06-19T20:49:39+00:00,2026-06-19T204936_0000,14,14,0,0,0,0,0,14,0,5,jfbp_signal_watcher_v3_analytics
2026-06-19T20:54:43+00:00,2026-06-19T205439_0000,14,14,0,0,0,0,0,14,0,5,jfbp_signal_watcher_v3_analytics
2026-06-19T20:59:46+00:00,2026-06-19T205943_0000,14,14,0,0,0,0,0,14,0,5,jfbp_signal_watcher_v3_analytics
2026-06-19T21:04:49+00:00,2026-06-19T210446_0000,14,14,0,0,0,0,0,14,0,5,jfbp_signal_watcher_v3_analytics
2026-06-19T21:09:52+00:00,2026-06-19T210949_0000,14,14,0,0,0,0,0,14,0,5,jfbp_signal_watcher_v3_analytics
2026-06-19T21:14:55+00:00,2026-06-19T211452_0000,14,14,0,0,0,0,0,14,0,5,jfbp_signal_watcher_v3_analytics
2026-06-19T21:19:57+00:00,2026-06-19T211955_0000,14,14,0,0,0,0,0,14,0,5,jfbp_signal_watcher_v3_analytics
2026-06-19T21:25:02+00:00,2026-06-19T212457_0000,14,14,0,0,0,0,0,14,0,5,jfbp_signal_watcher_v3_analytics
2026-06-19T21:30:04+00:00,2026-06-19T213002_0000,14,14,0,0,0,0,0,14,0,5,jfbp_signal_watcher_v3_analytics
2026-06-19T21:35:10+00:00,2026-06-19T213504_0000,14,14,0,0,0,0,0,14,0,5,jfbp_signal_watcher_v3_analytics
2026-06-19T21:40:12+00:00,2026-06-19T214010_0000,14,14,0,0,0,0,0,14,0,5,jfbp_signal_watcher_v3_analytics
2026-06-19T21:45:14+00:00,2026-06-19T214512_0000,14,14,0,0,0,0,0,14,0,5,jfbp_signal_watcher_v3_analytics
2026-06-19T21:50:17+00:00,2026-06-19T215014_0000,14,14,0,0,0,0,0,14,0,5,jfbp_signal_watcher_v3_analytics
2026-06-19T21:55:20+00:00,2026-06-19T215517_0000,14,14,0,0,0,0,0,14,0,5,jfbp_signal_watcher_v3_analytics
2026-06-19T22:00:22+00:00,2026-06-19T220020_0000,14,14,0,0,0,0,0,14,0,5,jfbp_signal_watcher_v3_analytics
2026-06-19T22:05:24+00:00,2026-06-19T220522_0000,14,14,0,0,0,0,0,14,0,5,jfbp_signal_watcher_v3_analytics
2026-06-19T22:10:25+00:00,2026-06-19T221024_0000,14,14,0,0,0,0,0,14,0,5,jfbp_signal_watcher_v3_analytics
2026-06-19T22:15:31+00:00,2026-06-19T221525_0000,14,14,0,0,0,0,0,14,0,5,jfbp_signal_watcher_v3_analytics
2026-06-19T22:20:38+00:00,2026-06-19T222031_0000,14,14,0,0,0,0,0,14,0,5,jfbp_signal_watcher_v3_analytics
2026-06-19T22:25:41+00:00,2026-06-19T222538_0000,14,14,0,0,0,0,0,14,0,5,jfbp_signal_watcher_v3_analytics
2026-06-19T22:30:45+00:00,2026-06-19T223041_0000,14,14,0,0,0,0,0,14,0,5,jfbp_signal_watcher_v3_analytics
2026-06-19T22:35:50+00:00,2026-06-19T223545_0000,14,14,0,0,0,0,0,14,0,5,jfbp_signal_watcher_v3_analytics
2026-06-19T22:40:55+00:00,2026-06-19T224050_0000,14,14,0,0,0,0,0,14,0,5,jfbp_signal_watcher_v3_analytics
2026-06-19T22:45:58+00:00,2026-06-19T224555_0000,14,14,0,0,0,0,0,14,0,5,jfbp_signal_watcher_v3_analytics
2026-06-19T22:51:04+00:00,2026-06-19T225058_0000,14,14,0,0,0,0,0,14,0,5,jfbp_signal_watcher_v3_analytics
2026-06-19T22:56:07+00:00,2026-06-19T225604_0000,14,14,0,0,0,0,0,14,0,5,jfbp_signal_watcher_v3_analytics
2026-06-19T23:01:13+00:00,2026-06-19T230107_0000,14,14,0,0,0,0,0,14,0,5,jfbp_signal_watcher_v3_analytics
2026-06-19T23:06:17+00:00,2026-06-19T230613_0000,14,14,0,0,0,0,0,14,0,5,jfbp_signal_watcher_v3_analytics
2026-06-19T23:11:19+00:00,2026-06-19T231117_0000,14,14,0,0,0,0,0,14,0,5,jfbp_signal_watcher_v3_analytics
2026-06-19T23:16:38+00:00,2026-06-19T231620_0000,14,14,0,0,0,0,0,14,0,5,jfbp_signal_watcher_v3_analytics
2026-06-19T23:21:52+00:00,2026-06-19T232138_0000,14,14,0,0,0,0,0,14,0,5,jfbp_signal_watcher_v3_analytics
2026-06-19T23:27:06+00:00,2026-06-19T232652_0000,14,14,0,0,0,0,0,14,0,5,jfbp_signal_watcher_v3_analytics
2026-06-19T23:32:19+00:00,2026-06-19T233206_0000,14,14,0,0,0,0,0,14,0,5,jfbp_signal_watcher_v3_analytics
2026-06-19T23:37:33+00:00,2026-06-19T233720_0000,14,14,0,0,0,0,0,14,0,5,jfbp_signal_watcher_v3_analytics
2026-06-19T23:43:03+00:00,2026-06-19T234233_0000,14,14,0,0,0,0,0,14,0,5,jfbp_signal_watcher_v3_analytics
2026-06-19T23:48:06+00:00,2026-06-19T234804_0000,14,14,0,0,0,0,0,14,0,5,jfbp_signal_watcher_v3_analytics
2026-06-19T23:53:10+00:00,2026-06-19T235306_0000,14,14,0,0,0,0,0,14,0,5,jfbp_signal_watcher_v3_analytics
2026-06-19T23:58:32+00:00,2026-06-19T235810_0000,14,14,0,0,0,0,0,14,0,5,jfbp_signal_watcher_v3_analytics
2026-06-20T00:03:38+00:00,2026-06-20T000332_0000,14,14,0,0,0,0,0,14,0,5,jfbp_signal_watcher_v3_analytics
2026-06-20T00:08:40+00:00,2026-06-20T000838_0000,14,14,0,0,0,0,0,14,0,5,jfbp_signal_watcher_v3_analytics
2026-06-20T00:13:43+00:00,2026-06-20T001340_0000,14,14,0,0,0,0,0,14,0,5,jfbp_signal_watcher_v3_analytics
2026-06-20T00:18:48+00:00,2026-06-20T001843_0000,14,14,0,0,0,0,0,14,0,5,jfbp_signal_watcher_v3_analytics
2026-06-20T00:23:50+00:00,2026-06-20T002348_0000,14,14,0,0,0,0,0,14,0,5,jfbp_signal_watcher_v3_analytics
2026-06-20T00:28:56+00:00,2026-06-20T002850_0000,14,14,0,0,0,0,0,14,0,5,jfbp_signal_watcher_v3_analytics
2026-06-20T00:34:02+00:00,2026-06-20T003356_0000,14,14,0,0,0,0,0,14,0,5,jfbp_signal_watcher_v3_analytics
2026-06-20T00:39:07+00:00,2026-06-20T003902_0000,14,14,0,0,0,0,0,14,0,5,jfbp_signal_watcher_v3_analytics
2026-06-20T00:44:09+00:00,2026-06-20T004407_0000,14,14,0,0,0,0,0,14,0,5,jfbp_signal_watcher_v3_analytics
2026-06-20T00:49:12+00:00,2026-06-20T004909_0000,14,14,0,0,0,0,0,14,0,5,jfbp_signal_watcher_v3_analytics
2026-06-20T00:54:14+00:00,2026-06-20T005412_0000,14,14,0,0,0,0,0,14,0,5,jfbp_signal_watcher_v3_analytics
2026-06-20T00:59:19+00:00,2026-06-20T005914_0000,14,14,0,0,0,0,0,14,0,5,jfbp_signal_watcher_v3_analytics
2026-06-20T01:04:22+00:00,2026-06-20T010419_0000,14,14,0,0,0,0,0,14,0,5,jfbp_signal_watcher_v3_analytics
2026-06-20T01:09:24+00:00,2026-06-20T010922_0000,14,14,0,0,0,0,0,14,0,5,jfbp_signal_watcher_v3_analytics
2026-06-20T01:14:30+00:00,2026-06-20T011424_0000,14,14,0,0,0,0,0,14,0,5,jfbp_signal_watcher_v3_analytics
2026-06-20T01:19:32+00:00,2026-06-20T011930_0000,14,14,0,0,0,0,0,14,0,5,jfbp_signal_watcher_v3_analytics
2026-06-20T01:24:35+00:00,2026-06-20T012432_0000,14,14,0,0,0,0,0,14,0,5,jfbp_signal_watcher_v3_analytics
2026-06-20T01:29:37+00:00,2026-06-20T012935_0000,14,14,0,0,0,0,0,14,0,5,jfbp_signal_watcher_v3_analytics
2026-06-20T01:34:39+00:00,2026-06-20T013437_0000,14,14,0,0,0,0,0,14,0,5,jfbp_signal_watcher_v3_analytics
2026-06-20T01:39:44+00:00,2026-06-20T013939_0000,14,14,0,0,0,0,0,14,0,5,jfbp_signal_watcher_v3_analytics
2026-06-20T01:44:46+00:00,2026-06-20T014444_0000,14,14,0,0,0,0,0,14,0,5,jfbp_signal_watcher_v3_analytics
2026-06-20T01:49:49+00:00,2026-06-20T014946_0000,14,14,0,0,0,0,0,14,0,5,jfbp_signal_watcher_v3_analytics
2026-06-20T01:54:51+00:00,2026-06-20T015449_0000,14,14,0,0,0,0,0,14,0,5,jfbp_signal_watcher_v3_analytics
2026-06-20T01:59:53+00:00,2026-06-20T015951_0000,14,14,0,0,0,0,0,14,0,5,jfbp_signal_watcher_v3_analytics
2026-06-20T02:04:55+00:00,2026-06-20T020453_0000,14,14,0,0,0,0,0,14,0,5,jfbp_signal_watcher_v3_analytics
2026-06-20T02:09:57+00:00,2026-06-20T020955_0000,14,14,0,0,0,0,0,14,0,5,jfbp_signal_watcher_v3_analytics
2026-06-20T02:14:59+00:00,2026-06-20T021457_0000,14,14,0,0,0,0,0,14,0,5,jfbp_signal_watcher_v3_analytics
2026-06-20T02:20:16+00:00,2026-06-20T021959_0000,14,14,0,0,0,0,0,14,0,5,jfbp_signal_watcher_v3_analytics
2026-06-20T02:25:18+00:00,2026-06-20T022516_0000,14,14,0,0,0,0,0,14,0,5,jfbp_signal_watcher_v3_analytics
2026-06-20T02:30:20+00:00,2026-06-20T023018_0000,14,14,0,0,0,0,0,14,0,5,jfbp_signal_watcher_v3_analytics
2026-06-20T02:35:22+00:00,2026-06-20T023520_0000,14,14,0,0,0,0,0,14,0,5,jfbp_signal_watcher_v3_analytics
